item;base_item;quaked;model;description;
ammo_bullets_remaster;ammo_bullets;/* QUAKED ammo_bullets (.3 .3 1) (-16 -16 -16) (16 16 16)  TRIGGER_SPAWN DISABLE TOSS_ON_SPAWN X X X X X NOT_EASY NOT_NORMAL NOT_HARD NOT_DM NOT_COOP RESERVED1 COOP_ONLY RESERVED2;models/items/ammo/bullets/medium/tris.md2;Bullets. Ammo for the Machinegun and Chaingun weapons.;
ammo_cells_remaster;ammo_cells;/* QUAKED ammo_cells (.3 .3 1) (-16 -16 -16) (16 16 16)  TRIGGER_SPAWN DISABLE TOSS_ON_SPAWN X X X X X NOT_EASY NOT_NORMAL NOT_HARD NOT_DM NOT_COOP RESERVED1 COOP_ONLY RESERVED2;models/items/ammo/cells/medium/tris.md2;Cells. Ammo for the Hyperblaster and BFG10K, and power for the Power Shield and Power Screen.;
ammo_disruptor_remaster;ammo_disruptor;/* QUAKED ammo_disruptor (.3 .3 1) (-16 -16 -16) (16 16 16)  TRIGGER_SPAWN DISABLE TOSS_ON_SPAWN X X X X X NOT_EASY NOT_NORMAL NOT_HARD NOT_DM NOT_COOP RESERVED1 COOP_ONLY RESERVED2;models/ammo/am_disr/tris.md2;Disruptor. Ammo for the Disintegrator.;
ammo_flechettes_remaster;ammo_flechettes;/* QUAKED ammo_flechettes (.3 .3 1) (-16 -16 -16) (16 16 16)  TRIGGER_SPAWN DISABLE TOSS_ON_SPAWN X X X X X NOT_EASY NOT_NORMAL NOT_HARD NOT_DM NOT_COOP RESERVED1 COOP_ONLY RESERVED2;models/ammo/am_flechette/tris.md2;Flechettes. ETF Rifle ammo.;
ammo_grenades_remaster;ammo_grenades;/* QUAKED ammo_grenades (.3 .3 1) (-16 -16 -16) (16 16 16)  TRIGGER_SPAWN DISABLE TOSS_ON_SPAWN X X X X X NOT_EASY NOT_NORMAL NOT_HARD NOT_DM NOT_COOP RESERVED1 COOP_ONLY RESERVED2;models/items/ammo/grenades/medium/tris.md2;Grenades. Ammo for the Grenade Launcher. Can also be thrown individually.;
ammo_magslug_remaster;ammo_magslug;/* QUAKED ammo_magslug (.3 .3 1) (-16 -16 -16) (16 16 16)  TRIGGER_SPAWN DISABLE TOSS_ON_SPAWN X X X X X NOT_EASY NOT_NORMAL NOT_HARD NOT_DM NOT_COOP RESERVED1 COOP_ONLY RESERVED2;models/objects/ammo/tris.md2;Mag Slug. Used by the Phalanx Particle Cannon.;
ammo_nuke_remaster;ammo_nuke;/* QUAKED ammo_nuke (.3 .3 1) (-16 -16 -16) (16 16 16)  TRIGGER_SPAWN DISABLE TOSS_ON_SPAWN X X X X X NOT_EASY NOT_NORMAL NOT_HARD NOT_DM NOT_COOP RESERVED1 COOP_ONLY RESERVED2;models/weapons/g_nuke/tris.md2;A-M Bomb. In SP: a key objective. In MP: a nuke that cleanses anything in a big radius, regardless of walls.;
ammo_prox_remaster;ammo_prox;/* QUAKED ammo_prox (.3 .3 1) (-16 -16 -16) (16 16 16)  TRIGGER_SPAWN DISABLE TOSS_ON_SPAWN X X X X X NOT_EASY NOT_NORMAL NOT_HARD NOT_DM NOT_COOP RESERVED1 COOP_ONLY RESERVED2;models/ammo/am_prox/tris.md2;Prox. Prox Launcher ammo.;
ammo_rockets_remaster;ammo_rockets;/* QUAKED ammo_rockets (.3 .3 1) (-16 -16 -16) (16 16 16)  TRIGGER_SPAWN DISABLE TOSS_ON_SPAWN X X X X X NOT_EASY NOT_NORMAL NOT_HARD NOT_DM NOT_COOP RESERVED1 COOP_ONLY RESERVED2;models/items/ammo/rockets/medium/tris.md2;Rockets. Ammo for the Rocket Launcher.;
ammo_shells_remaster;ammo_shells;/* QUAKED ammo_shells (.3 .3 1) (-16 -16 -16) (16 16 16)  TRIGGER_SPAWN DISABLE TOSS_ON_SPAWN X X X X X NOT_EASY NOT_NORMAL NOT_HARD NOT_DM NOT_COOP RESERVED1 COOP_ONLY RESERVED2;models/items/ammo/shells/medium/tris.md2;Shells. Ammo for the Shotgun and Super Shotgun.;
ammo_slugs_remaster;ammo_slugs;/* QUAKED ammo_slugs (.3 .3 1) (-16 -16 -16) (16 16 16)  TRIGGER_SPAWN DISABLE TOSS_ON_SPAWN X X X X X NOT_EASY NOT_NORMAL NOT_HARD NOT_DM NOT_COOP RESERVED1 COOP_ONLY RESERVED2;models/items/ammo/slugs/medium/tris.md2;Slugs. Ammo for the Railgun.;
ammo_tesla_remaster;ammo_tesla;/* QUAKED ammo_tesla (.3 .3 1) (-16 -16 -16) (16 16 16)  TRIGGER_SPAWN DISABLE TOSS_ON_SPAWN X X X X X NOT_EASY NOT_NORMAL NOT_HARD NOT_DM NOT_COOP RESERVED1 COOP_ONLY RESERVED2;models/ammo/am_tesl/tris.md2;Tesla Mine. Launches a small base that electrocutes anything it comes into contact with.;
ammo_trap_remaster;ammo_trap;/* QUAKED ammo_trap (.3 .3 1) (-16 -16 -16) (16 16 16)  TRIGGER_SPAWN DISABLE TOSS_ON_SPAWN X X X X X NOT_EASY NOT_NORMAL NOT_HARD NOT_DM NOT_COOP RESERVED1 COOP_ONLY RESERVED2;models/weapons/g_trap/tris.md2;Trap. Catches anybody (including the player) and turns them into a sweet health pack.;
dm_dball_ball_remaster;dm_dball_ball;/* QUAKED dm_dball_ball (1 .5 .5) (-48 -48 -48) (48 48 48) ONEWAY;models/objects/dball/tris.md2;Deathball Ball.;
dm_dball_ball_start_remaster;dm_dball_ball_start;/* QUAKED dm_dball_ball_start (1 .5 .5) (-48 -48 -48) (48 48 48);models/objects/dball/tris.md2;Deathball Ball Starting Point.;
dm_dball_goal_remaster;dm_dball_goal;/* QUAKED dm_dball_goal (1 .5 .5) ? TEAM1 TEAM2;;Deathball Goal.;
dm_dball_speed_change_remaster;dm_dball_speed_change;/* QUAKED dm_dball_speed_change (1 .5 .5) ? ONEWAY;;Deathball Ball Speed Changing Field.;
dm_dball_team1_start_remaster;dm_dball_team1_start;/* QUAKED dm_dball_team1_start (1 .5 .5) (-16 -16 -24) (16 16 32);;Red Team Start for Deathball.;
dm_dball_team2_start_remaster;dm_dball_team2_start;/* QUAKED dm_dball_team2_start (1 .5 .5) (-16 -16 -24) (16 16 32);;Blue Team Start for Deathball.;
dm_tag_token_remaster;dm_tag_token;/* QUAKED dm_tag_token (.3 .3 1) (-16 -16 -16) (16 16 16);models/items/tagtoken/tris.md2;Tag token for deathmatch tag games.;
dynamic_light_remaster;dynamic_light;/* QUAKED dynamic_light (1 .5 0) (-8 -8 -8) (8 8 8) ? START_ON X X X X X X X NOT_EASY NOT_NORMAL NOT_HARD NOT_DM NOT_COOP RESERVED1 COOP_ONLY RESERVED2;;Kex Dynamic Light.;
func_animation_remaster;func_animation;/* QUAKED func_animation (0 .5 .8) ? START_ON X X X X X X X NOT_EASY NOT_NORMAL NOT_HARD NOT_DM NOT_COOP RESERVED1 COOP_ONLY RESERVED2;;Animation state toggler.;
func_areaportal_remaster;func_areaportal;/* QUAKED func_areaportal (0 0 0) ? X X X X X X X X NOT_EASY NOT_NORMAL NOT_HARD NOT_DM NOT_COOP RESERVED1 COOP_ONLY RESERVED2;;An invisible object that divides the world into areas that are separated when this portal is dormant. Usually enclosed in the middle of a door.;
func_button_remaster;func_button;/* QUAKED func_button (0 .5 .8) ? X X X X X X X X NOT_EASY NOT_NORMAL NOT_HARD NOT_DM NOT_COOP RESERVED1 COOP_ONLY RESERVED2;;A button. When touched, it moves some distance in the direction of its angle, triggers all of its targets, waits some time, and returns into its original position, so it can be triggered again.;
func_clock_remaster;func_clock;/* QUAKED func_clock (0 0 1) (-8 -8 -8) (8 8 8) TIMER_UP TIMER_DOWN START_OFF MULTI_USE X X X X NOT_EASY NOT_NORMAL NOT_HARD NOT_DM NOT_COOP RESERVED1 COOP_ONLY RESERVED2;;A clock. Can be triggered, or start at the beginning of the level. Must be used in tandem with target_characters and/or target_string.;
func_conveyor_remaster;func_conveyor;/* QUAKED func_conveyor (0 .5 .8) ? START_ON TOGGLE X X X X X X NOT_EASY NOT_NORMAL NOT_HARD NOT_DM NOT_COOP RESERVED1 COOP_ONLY RESERVED2;;OBSOLETE. Use func_train instead. A stationary brush that moves whatever is non them. Needs at least one ''current content'' enabled. (?);
func_detail_remaster;func_detail;/* QUAKED func_detail (0 .5 .79) ?;;Detail brush.;
func_detail_illusionary_remaster;func_detail_illusionary;/* QUAKED func_detail_illusionary (0 .5 .79) ?;;Detail illusionary brush.;
func_detail_wall_remaster;func_detail_wall;/* QUAKED func_detail_wall (0 .5 .79) ?;;Detail wall brush.;
func_door_remaster;func_door;/* QUAKED func_door (0 .5 .8) ? START_OPEN X CRUSHER NOMONSTER ANIMATED TOGGLE ANIMATED_FAST X NOT_EASY NOT_NORMAL NOT_HARD NOT_DM NOT_COOP RESERVED1 COOP_ONLY RESERVED2;;A door. Has multiple uses, but usually signals the entrance/exit to/from somewhere.;
func_door_rotating_remaster;func_door_rotating;/* QUAKED func_door_rotating (0 .5 .8) ? START_OPEN REVERSE CRUSHER NOMONSTER ANIMATED TOGGLE X_AXIS Y_AXIS NOT_EASY NOT_MEDIUM NOT_HARD NOT_DM NOT_COOP RESERVED1 COOP_ONLY RESERVED2 INACTIVE SAFE_OPEN;;A rotating door.;
func_door_secret_remaster;func_door_secret;/* QUAKED func_door_secret (0 .5 .8) ? always_shoot 1st_left 1st_down X X X X X NOT_EASY NOT_NORMAL NOT_HARD NOT_DM NOT_COOP RESERVED1 COOP_ONLY RESERVED2;;Secret door. After being shot or triggered, slides back and then to the side.;
func_door_secret2_remaster;func_door_secret2;/* QUAKED func_door_secret2 (0 .5 .8) ? open_once 1st_left 1st_down no_shoot always_shoot slide_right slide_forward;;Another version of func_door_secret.;
func_explosive_remaster;func_explosive;/* QUAKED func_explosive (0 .5 .8) ? Trigger_Spawn ANIMATED ANIMATED_FAST INACTIVE ALWAYS_SHOOTABLE X X X NOT_EASY NOT_NORMAL NOT_HARD NOT_DM NOT_COOP RESERVED1 COOP_ONLY RESERVED2;;Object that explodes when triggered.;
func_eye_remaster;func:eye;/* QUAKED func_eye (0 1 0) ? X X X X X X X X NOT_EASY NOT_NORMAL NOT_HARD NOT_DM NOT_COOP RESERVED1 COOP_ONLY RESERVED2;;Camera-like eye that can track entities.;
func_force_wall_remaster;func_force_wall;/* QUAKED func_force_wall (1 0 1) ? start_on X X X X X X X NOT_EASY NOT_NORMAL NOT_HARD NOT_DM NOT_COOP RESERVED1 COOP_ONLY RESERVED2;;Vertical particle force wall.;
func_group_remaster;func_group;/* QUAKED func_group (0 0 0) ?;;EDITOR-ONLY. Groups brushes for many tasks.;
func_killbox_remaster;func_killbox;/* QUAKED func_killbox (1 0 0) ? X X X X X X X X NOT_EASY NOT_NORMAL NOT_HARD NOT_DM NOT_COOP RESERVED1 COOP_ONLY RESERVED2;;A brush that kills everything inside of it. Must be triggered in order to work. Ignores all kinds of protection.;
func_object_remaster;func_object;/* QUAKED func_object (0 .5 .8) ? TRIGGER_SPAWN ANIMATED ANIMATED_FAST X X X X X NOT_EASY NOT_NORMAL NOT_HARD NOT_DM NOT_COOP RESERVED1 COOP_ONLY RESERVED2;;Object that falls down when triggered.;
func_object_repair_remaster;func_object_repair;/* QUAKED func_object_repair (1 .5 0) (-8 -8 -8) (8 8 8) X X X X X X X X NOT_EASY NOT_NORMAL NOT_HARD NOT_DM NOT_COOP RESERVED1 COOP_ONLY RESERVED2;;Object to be repaired by the Repair Bot.;
func_plat_remaster;func_plat;/* QUAKED func_plat (0 .5 .8) ? PLAT_LOW_TRIGGER NOMONSTERS X X X X X X NOT_EASY NOT_NORMAL NOT_HARD NOT_DM NOT_COOP RESERVED1 COOP_ONLY RESERVED2;;An elevating platform. These are always drawn in the extended position so they will light correctly. If it's in the tatget of another trigger/button, starts out disabled in the extended position until triggered.;
func_plat2_remaster;func_plat2;/* QUAKED func_plat2 (0 .5 .8) ? PLAT_LOW_TRIGGER PLAT2_TOGGLE PLAT2_TOP PLAT2_START_ACTIVE X BOX_LIFT X X NOT_EASY NOT_NORMAL NOT_HARD NOT_DM NOT_COOP RESERVED1 COOP_ONLY RESERVED2;;Platform with more options and utilities.;
func_rotating_remaster;func_rotating;/* QUAKED func_rotating (0 .5 .8) ? START_ON REVERSE X_AXIS Y_AXIS TOUCH_PAIN STOP ANIMATED ANIMATED_FAST NOT_EASY NOT_MEDIUM NOT_HARD NOT_DM NOT_COOP RESERVED1 COOP_ONLY RESERVED2 ACCEL;;A rotating object.;
func_timer_remaster;func_timer;/* QUAKED func_timer (0.3 0.1 0.6) (-8 -8 -8) (8 8 8) START_ON X X X X X X X NOT_EASY NOT_NORMAL NOT_HARD NOT_DM NOT_COOP RESERVED1 COOP_ONLY RESERVED2;;A timer. Once a certain amount of time passed, it triggers all of its targets and restarts.;
func_train_remaster;func_train;/* QUAKED func_train (0 .5 .8) ? START_ON TOGGLE BLOCK_STOPS MOVE_TEAMCHAIN FIX_OFFSET USE_ORIGIN X X NOT_EASY NOT_NORMAL NOT_HARD NOT_DM NOT_COOP RESERVED1 COOP_ONLY RESERVED2;;Moving, rideable platform. The train follows a set of path_corner that are used for its trajectory, with a small origin brush determining the ''railing'' point of the train. The train spawns in the first target it's pointing at. If the train is the target of a button or trigger, it won't move until triggered.;
func_wall_remaster;func_wall;/* QUAKED func_wall (0 .5 .8) ? TRIGGER_SPAWN TOGGLE START_ON ANIMATED ANIMATED_FAST X X X NOT_EASY NOT_NORMAL NOT_HARD NOT_DM NOT_COOP RESERVED1 COOP_ONLY RESERVED2;;Triggerable solid wall. Can materialize out of thin air and vanish. Used mostly for forcefields and monster closets.;
func_water_remaster;func_water;/* QUAKED func_water (0 .5 .8) ? START_OPEN SMART X X X X X X NOT_EASY NOT_NORMAL NOT_HARD NOT_DM NOT_COOP RESERVED1 COOP_ONLY RESERVED2;;Movable target brush that must be targeted in order to operate. It's recommended to use a texture with liquid properties.;
hint_path_remaster;hint_path;/* QUAKED hint_path (.5 .3 0) (-8 -8 -8) (8 8 8) END X X X X X X X NOT_EASY NOT_NORMAL NOT_HARD NOT_DM NOT_COOP RESERVED1 COOP_ONLY RESERVED2;;Gets the monsters to walk around the map.;
info_ctf_teleport_destination_remaster;info_ctf_teleport_destination;/*QUAKED info_ctf_teleport_destination (0.5 0.5 0.5) (-16 -16 -24) (16 16 32);;Used for trigger_teleport.;
info_landmark_remaster;info_landmark;/* QUAKED info_landmark (0 0.5 0) (-4 -4 -4) (4 4 4) X X X X X X X X NOT_EASY NOT_NORMAL NOT_HARD NOT_DM NOT_COOP RESERVED1 COOP_ONLY RESERVED2;;Connects one level to another with a seamless transition.;
info_nav_lock_remaster;info_nav_lock;/* QUAKED info_nav_lock (1.0 1.0 0.0) (-16 -16 0) (16 16 32) X X X X X X X X NOT_EASY NOT_NORMAL NOT_HARD NOT_DM NOT_COOP RESERVED1 COOP_ONLY RESERVED2;;Navigation for bots. Flip locked flag on targeted doors.;
info_notnull_remaster;info_notnull;/* QUAKED info_notnull (0 0.5 0) (-4 -4 -4) (4 4 4) X X X X X X X X NOT_EASY NOT_NORMAL NOT_HARD NOT_DM NOT_COOP RESERVED1 COOP_ONLY RESERVED2;;Positional target for target_laser, turret_breach and teleporter_destination.;
info_null_remaster;info_null;/* QUAKED info_null (0 0.5 0) (-4 -4 -4) (4 4 4) X X X X X X X X NOT_EASY NOT_NORMAL NOT_HARD NOT_DM NOT_COOP RESERVED1 COOP_ONLY RESERVED2;;Positional target for spotlights.;
info_player_coop_remaster;info_player_coop;/* QUAKED info_player_coop (1 0 1) (-16 -16 -24) (16 16 32) X X X X X X X X NOT_EASY NOT_NORMAL NOT_HARD NOT_DM NOT_COOP RESERVED1 COOP_ONLY RESERVED2;;Starting point for cooperative matches.;
info_player_coop_lava_remaster;info_player_coop_lava;/* QUAKED info_player_coop_lava (1 0 1) (-16 -16 -24) (16 16 32) X X X X X X X X NOT_EASY NOT_NORMAL NOT_HARD NOT_DM NOT_COOP RESERVED1 COOP_ONLY RESERVED2;;Potential spawning position for coop games with a lava level that needs to be checked such as rmine2.;
info_player_deathmatch_remaster;info_player_deathmatch;/* QUAKED info_player_deathmatch (1 0 1) (-16 -16 -24) (16 16 32) X X X X X X X X NOT_EASY NOT_NORMAL NOT_HARD NOT_DM NOT_COOP RESERVED1 COOP_ONLY RESERVED2;;Starting point for deathmatches.;
info_player_intermission_remaster;info_player_intermission;/* QUAKED info_player_intermission (1 0 1) (-16 -16 -24) (16 16 32) X X X X X X X X NOT_EASY NOT_NORMAL NOT_HARD NOT_DM NOT_COOP RESERVED1 COOP_ONLY RESERVED2;;Camera point for end-of-match.;
info_player_start_remaster;info_player_start;/* QUAKED info_player_start (1 0 0) (-16 -16 -24) (16 16 32) X X X X X X X X NOT_EASY NOT_NORMAL NOT_HARD NOT_DM NOT_COOP RESERVED1 COOP_ONLY RESERVED2;;Starting point for single-player matches.;
info_player_team1_remaster;info_player_team1;/* QUAKED info_player_team1 (1 0 0) (-16 -16 -24) (16 16 32) X X X X X X X X NOT_EASY NOT_NORMAL NOT_HARD NOT_DM NOT_COOP RESERVED1 COOP_ONLY RESERVED2;;Spawning position for Red team players.;
info_player_team2_remaster;info_player_team2;/* QUAKED info_player_team2 (0 0 1) (-16 -16 -24) (16 16 32) X X X X X X X X NOT_EASY NOT_NORMAL NOT_HARD NOT_DM NOT_COOP RESERVED1 COOP_ONLY RESERVED2;;Spawning position for Blue team players.;
info_teleport_destination_remaster;info_teleport_destination;/* QUAKED info_teleport_destination (.5 .5 .5) (-16 -16 -24) (16 16 32) X X X X X X X X NOT_EASY NOT_NORMAL NOT_HARD NOT_DM NOT_COOP RESERVED1 COOP_ONLY RESERVED2;;Destination point for trigger_teleport.;
info_world_text_remaster;info_world_text;/* QUAKED info_world_text (1.0 1.0 0.0) (-16 -16 0) (16 16 32) START_ON TRIGGER_ONCE REMOVE_ON_TRIGGER X X X X X NOT_EASY NOT_NORMAL NOT_HARD NOT_DM NOT_COOP RESERVED1 COOP_ONLY RESERVED2;;Designer placed-in world text for debugging.;
item_adrenaline_remaster;item_adrenaline;/* QUAKED item_adrenaline (.3 .3 1) (-16 -16 -16) (16 16 16)  TRIGGER_SPAWN DISABLE TOSS_ON_SPAWN X X X X X NOT_EASY NOT_NORMAL NOT_HARD NOT_DM NOT_COOP RESERVED1 COOP_ONLY RESERVED2;models/items/adrenal/tris.md2;Adrenaline. Restores health and adds 1HP permanently in SP.;
item_ancient_head_remaster;item_ancient_head;/* QUAKED item_ancient_head (.3 .3 1) (-16 -16 -16) (16 16 16)  TRIGGER_SPAWN DISABLE TOSS_ON_SPAWN X X X X X NOT_EASY NOT_NORMAL NOT_HARD NOT_DM NOT_COOP RESERVED1 COOP_ONLY RESERVED2;models/items/c_head/tris.md2;John Carmack's Head. Adds 2HP permanently.;
item_armor_body_remaster;item_armor_body;/* QUAKED item_armor_body (.3 .3 1) (-16 -16 -16) (16 16 16)  TRIGGER_SPAWN DISABLE TOSS_ON_SPAWN X X X X X NOT_EASY NOT_NORMAL NOT_HARD NOT_DM NOT_COOP RESERVED1 COOP_ONLY RESERVED2;models/items/armor/body/tris.md2;Body Armor. Grants 100 AP.;
item_armor_combat_remaster;item_armor_combat;/* QUAKED item_armor_combat (.3 .3 1) (-16 -16 -16) (16 16 16)  TRIGGER_SPAWN DISABLE TOSS_ON_SPAWN X X X X X NOT_EASY NOT_NORMAL NOT_HARD NOT_DM NOT_COOP RESERVED1 COOP_ONLY RESERVED2;models/items/armor/combat/tris.md2;Combat Armor. Grants 50 AP.;
item_armor_jacket_remaster;item_armor_jacket;/* QUAKED item_armor_jacket (.3 .3 1) (-16 -16 -16) (16 16 16)  TRIGGER_SPAWN DISABLE TOSS_ON_SPAWN X X X X X NOT_EASY NOT_NORMAL NOT_HARD NOT_DM NOT_COOP RESERVED1 COOP_ONLY RESERVED2;models/items/armor/jacket/tris.md2;Jacket Armor. Grants 10 AP.;
item_armor_shard_remaster;item_armor_shard;/* QUAKED item_armor_shard (.3 .3 1) (-16 -16 -16) (16 16 16)  TRIGGER_SPAWN DISABLE TOSS_ON_SPAWN X X X X X NOT_EASY NOT_NORMAL NOT_HARD NOT_DM NOT_COOP RESERVED1 COOP_ONLY RESERVED2;models/items/armor/shard/tris.md2;Armor Shard. Grants 5 AP.;
item_bandolier_remaster;item_bandolier;/* QUAKED item_bandolier (.3 .3 1) (-16 -16 -16) (16 16 16)  TRIGGER_SPAWN DISABLE TOSS_ON_SPAWN X X X X X NOT_EASY NOT_NORMAL NOT_HARD NOT_DM NOT_COOP RESERVED1 COOP_ONLY RESERVED2;models/items/band/tris.md2;Bandolier. Extends the ammunition count for all weapons except grenades and rockets.;
item_breather_remaster;item_breather;/* QUAKED item_breather (.3 .3 1) (-16 -16 -16) (16 16 16)  TRIGGER_SPAWN DISABLE TOSS_ON_SPAWN X X X X X NOT_EASY NOT_NORMAL NOT_HARD NOT_DM NOT_COOP RESERVED1 COOP_ONLY RESERVED2;models/items/breather/tris.md2;Rebreather. Allows players to breathe in water areas for a certain period of time.;
item_compass_remaster;item_compass;/* QUAKED item_compass (.3 .3 1) (-16 -16 -16) (16 16 16)  TRIGGER_SPAWN DISABLE TOSS_ON_SPAWN X X X X X NOT_EASY NOT_NORMAL NOT_HARD NOT_DM NOT_COOP RESERVED1 COOP_ONLY RESERVED2;models/objects/fire/tris.md2;Compass. Cut item. Unknown use.;
item_doppleganger_remaster;item_doppleganger;/* QUAKED item_doppleganger (.3 .3 1) (-16 -16 -16) (16 16 16)  TRIGGER_SPAWN DISABLE TOSS_ON_SPAWN X X X X X NOT_EASY NOT_NORMAL NOT_HARD NOT_DM NOT_COOP RESERVED1 COOP_ONLY RESERVED2;models/items/dopple/tris.md2;Doppleganger. Leaves a decoy.;
item_double_remaster;item_double;/* QUAKED item_double (.3 .3 1) (-16 -16 -16) (16 16 16)  TRIGGER_SPAWN DISABLE TOSS_ON_SPAWN X X X X X NOT_EASY NOT_NORMAL NOT_HARD NOT_DM NOT_COOP RESERVED1 COOP_ONLY RESERVED2;models/items/ddamage/tris.md2;Double Damage. Multiplies weapon damage. Can Stack with Quad Damage.;
item_enviro_remaster;item_enviro;/* QUAKED item_enviro (.3 .3 1) (-16 -16 -16) (16 16 16)  TRIGGER_SPAWN DISABLE TOSS_ON_SPAWN X X X X X NOT_EASY NOT_NORMAL NOT_HARD NOT_DM NOT_COOP RESERVED1 COOP_ONLY RESERVED2;models/items/enviro/tris.md2;Environment Suit. Provides protection from slime areas.;
item_flag_team1_remaster;item_flag_team1;/* QUAKED item_flag_team1 (1 0.2 0) (-16 -16 -24) (16 16 32) X X X X X X X X NOT_EASY NOT_NORMAL NOT_HARD NOT_DM NOT_COOP RESERVED1 COOP_ONLY RESERVED2;players/male/flag1.md2;Red flag.;
item_flag_team2_remaster;item_flag_team2;/* QUAKED item_flag_team2 (1 0.2 0) (-16 -16 -24) (16 16 32) X X X X X X X X NOT_EASY NOT_NORMAL NOT_HARD NOT_DM NOT_COOP RESERVED1 COOP_ONLY RESERVED2;players/male/flag2.md2;Blue flag.;
item_health_large_remaster;item_health_large;/* QUAKED item_health_large (.3 .3 1) (-16 -16 -16) (16 16 16)  TRIGGER_SPAWN DISABLE TOSS_ON_SPAWN X X X X X NOT_EASY NOT_NORMAL NOT_HARD NOT_DM NOT_COOP RESERVED1 COOP_ONLY RESERVED2;models/items/healing/large/tris.md2;Large Health. Provides 25 HP when collected.;
item_health_mega_remaster;item_health_mega;/* QUAKED item_health_mega (.3 .3 1) (-16 -16 -16) (16 16 16)  TRIGGER_SPAWN DISABLE TOSS_ON_SPAWN X X X X X NOT_EASY NOT_NORMAL NOT_HARD NOT_DM NOT_COOP RESERVED1 COOP_ONLY RESERVED2;models/items/mega_h/tris.md2;Megahealth. Provides 100 HP when collected. The health from this item overstacks.;
item_health_remaster;item_health;/* QUAKED item_health (.3 .3 1) (-16 -16 -16) (16 16 16)  TRIGGER_SPAWN DISABLE TOSS_ON_SPAWN X X X X X NOT_EASY NOT_NORMAL NOT_HARD NOT_DM NOT_COOP RESERVED1 COOP_ONLY RESERVED2;models/items/healing/medium/tris.md2;Medium Health. Provides 10 HP when collected.;
item_health_small_remaster;item_health_small;/* QUAKED item_health_small (.3 .3 1) (-16 -16 -16) (16 16 16)  TRIGGER_SPAWN DISABLE TOSS_ON_SPAWN X X X X X NOT_EASY NOT_NORMAL NOT_HARD NOT_DM NOT_COOP RESERVED1 COOP_ONLY RESERVED2;models/items/healing/stimpack/tris.md2;Stimpack. Provides 5 HP when collected. The health from this item overstacks.;
item_invisibility_remaster;item_invisibility;/* QUAKED item_invisibility (.3 .3 1) (-16 -16 -16) (16 16 16)  TRIGGER_SPAWN DISABLE TOSS_ON_SPAWN X X X X X NOT_EASY NOT_NORMAL NOT_HARD NOT_DM NOT_COOP RESERVED1 COOP_ONLY RESERVED2;models/items/cloaker/tris.md2;Invisibility. Makes the user invisible to enemies, except when you shoot. (N64 item);
item_invulnerability_remaster;item_invulnerability;/* QUAKED item_invulnerability (.3 .3 1) (-16 -16 -16) (16 16 16)  TRIGGER_SPAWN DISABLE TOSS_ON_SPAWN X X X X X NOT_EASY NOT_NORMAL NOT_HARD NOT_DM NOT_COOP RESERVED1 COOP_ONLY RESERVED2;models/items/invulner/tris.md2;Invulnerability. Offers protection against anything that isn't the void or a death pit.;
item_ir_goggles_remaster;item_ir_goggles;/* QUAKED item_ir_goggles (.3 .3 1) (-16 -16 -16) (16 16 16)  TRIGGER_SPAWN DISABLE TOSS_ON_SPAWN X X X X X NOT_EASY NOT_NORMAL NOT_HARD NOT_DM NOT_COOP RESERVED1 COOP_ONLY RESERVED2;models/items/goggles/tris.md2;IR Goggles. Highlights enemies.;
item_legacy_head_remaster;item_legacy_head;/* QUAKED item_legacy_head (.3 .3 1) (-16 -16 -16) (16 16 16)  TRIGGER_SPAWN DISABLE TOSS_ON_SPAWN X X X X X NOT_EASY NOT_NORMAL NOT_HARD NOT_DM NOT_COOP RESERVED1 COOP_ONLY RESERVED2;models/items/legacyhead/tris.md2;Ranger's Head. Adds 5HP permanently. (COTM item);
item_pack_remaster;item_pack;/* QUAKED item_pack (.3 .3 1) (-16 -16 -16) (16 16 16)  TRIGGER_SPAWN DISABLE TOSS_ON_SPAWN X X X X X NOT_EASY NOT_NORMAL NOT_HARD NOT_DM NOT_COOP RESERVED1 COOP_ONLY RESERVED2;models/items/pack/tris.md2;Ammo Pack. Extends the ammunition count for all weapons.;
item_power_screen_remaster;item_power_screen;/* QUAKED item_power_screen (.3 .3 1) (-16 -16 -16) (16 16 16)  TRIGGER_SPAWN DISABLE TOSS_ON_SPAWN X X X X X NOT_EASY NOT_NORMAL NOT_HARD NOT_DM NOT_COOP RESERVED1 COOP_ONLY RESERVED2;models/items/armor/screen/tris.md2;Power Screen. Offers frontal partial protection from damage. Consumes cells.;
item_power_shield_remaster;item_power_shield;/* QUAKED item_power_shield (.3 .3 1) (-16 -16 -16) (16 16 16)  TRIGGER_SPAWN DISABLE TOSS_ON_SPAWN X X X X X NOT_EASY NOT_NORMAL NOT_HARD NOT_DM NOT_COOP RESERVED1 COOP_ONLY RESERVED2;models/items/armor/shield/tris.md2;Power Shield. Offers full-body partial protection from damage. Consumes cells.;
item_quad_remaster;item_quad;/* QUAKED item_quad (.3 .3 1) (-16 -16 -16) (16 16 16)  TRIGGER_SPAWN DISABLE TOSS_ON_SPAWN X X X X X NOT_EASY NOT_NORMAL NOT_HARD NOT_DM NOT_COOP RESERVED1 COOP_ONLY RESERVED2;models/items/quaddama/tris.md2;Quad Damage. Multiplies weapon damage.;
item_quadfire_remaster;item_quadfire;/* QUAKED item_quadfire (.3 .3 1) (-16 -16 -16) (16 16 16)  TRIGGER_SPAWN DISABLE TOSS_ON_SPAWN X X X X X NOT_EASY NOT_NORMAL NOT_HARD NOT_DM NOT_COOP RESERVED1 COOP_ONLY RESERVED2;models/items/quadfire/tris.md2;Quadfire Damage. Multiplies the Rate of Fire of all weapons.;
item_silencer_remaster;item_silencer;/* QUAKED item_silencer (.3 .3 1) (-16 -16 -16) (16 16 16)  TRIGGER_SPAWN DISABLE TOSS_ON_SPAWN X X X X X NOT_EASY NOT_NORMAL NOT_HARD NOT_DM NOT_COOP RESERVED1 COOP_ONLY RESERVED2;models/items/silencer/tris.md2;Silencer. Silences the player and its weapon fire.;
item_sphere_defender_remaster;item_sphere_defender;/* QUAKED item_sphere_defender (.3 .3 1) (-16 -16 -16) (16 16 16)  TRIGGER_SPAWN DISABLE TOSS_ON_SPAWN X X X X X NOT_EASY NOT_NORMAL NOT_HARD NOT_DM NOT_COOP RESERVED1 COOP_ONLY RESERVED2;models/items/defender/tris.md2;Defender Sphere. Sentinel sphere that shoots anything that seeks to kill the player.;
item_sphere_hunter_remaster;item_sphere_hunter;/* QUAKED item_sphere_hunter (.3 .3 1) (-16 -16 -16) (16 16 16)  TRIGGER_SPAWN DISABLE TOSS_ON_SPAWN X X X X X NOT_EASY NOT_NORMAL NOT_HARD NOT_DM NOT_COOP RESERVED1 COOP_ONLY RESERVED2;models/items/hunter/tris.md2;Hunter Sphere. MP item that chases enemies who attack the player.;
item_sphere_vengeance_remaster;item_sphere_vengeance;/* QUAKED item_sphere_vengeance (.3 .3 1) (-16 -16 -16) (16 16 16)  TRIGGER_SPAWN DISABLE TOSS_ON_SPAWN X X X X X NOT_EASY NOT_NORMAL NOT_HARD NOT_DM NOT_COOP RESERVED1 COOP_ONLY RESERVED2;models/items/vengnce/tris.md2;Vengeance Sphere. MP item that chases enemies who fragged the player.;
key_airstrike_target_remaster;key_airstrike_target;/* QUAKED key_airstrike_target (0 .5 .8) (-16 -16 -16) (16 16 16)  TRIGGER_SPAWN DISABLE TOSS_ON_SPAWN X X X X X NOT_EASY NOT_NORMAL NOT_HARD NOT_DM NOT_COOP RESERVED1 COOP_ONLY RESERVED2;models/items/keys/target/tris.md2;Airstrike Marker.;
key_blue_key_remaster;key_blue_key;/* QUAKED key_blue_key (0 .5 .8) (-16 -16 -16) (16 16 16)  TRIGGER_SPAWN DISABLE TOSS_ON_SPAWN X X X X X NOT_EASY NOT_NORMAL NOT_HARD NOT_DM NOT_COOP RESERVED1 COOP_ONLY RESERVED2;models/items/keys/key/tris.md2;Blue Key.;
key_commander_head_remaster;key_commander_head;/* QUAKED key_commander_head (0 .5 .8) (-16 -16 -16) (16 16 16)  TRIGGER_SPAWN DISABLE TOSS_ON_SPAWN X X X X X NOT_EASY NOT_NORMAL NOT_HARD NOT_DM NOT_COOP RESERVED1 COOP_ONLY RESERVED2;models/monsters/commandr/head/tris.md2;Commander's Head.;
key_data_cd_remaster;key_data_cd;/* QUAKED key_data_cd (0 .5 .8) (-16 -16 -16) (16 16 16)  TRIGGER_SPAWN DISABLE TOSS_ON_SPAWN X X X X X NOT_EASY NOT_NORMAL NOT_HARD NOT_DM NOT_COOP RESERVED1 COOP_ONLY RESERVED2;models/items/keys/data_cd/tris.md2;Data CD.;
key_data_spinner_remaster;key_data_spinner;/* QUAKED key_data_spinner (0 .5 .8) (-16 -16 -16) (16 16 16)  TRIGGER_SPAWN DISABLE TOSS_ON_SPAWN X X X X X NOT_EASY NOT_NORMAL NOT_HARD NOT_DM NOT_COOP RESERVED1 COOP_ONLY RESERVED2;models/items/keys/spinner/tris.md2;Data Spinner.;
key_explosive_charges_remaster;key_explosive_charges;/* QUAKED key_explosive_charges (0 .5 .8) (-16 -16 -16) (16 16 16)  TRIGGER_SPAWN DISABLE TOSS_ON_SPAWN X X X X X NOT_EASY NOT_NORMAL NOT_HARD NOT_DM NOT_COOP RESERVED1 COOP_ONLY RESERVED2;models/items/n64/charge/tris.md2;Explosive Charges. (N64 item);
key_green_key_remaster;key_green_key;/* QUAKED key_green_key (0 .5 .8) (-16 -16 -16) (16 16 16) TRIGGER_SPAWN DISABLE TOSS_ON_SPAWN X X X X X NOT_EASY NOT_NORMAL NOT_HARD NOT_DM NOT_COOP RESERVED1 COOP_ONLY RESERVED2;models/items/keys/green_key/tris.md2;Green Key.;
key_nuke_remaster;key_nuke;/* QUAKED key_nuke (.3 .3 1) (-16 -16 -16) (16 16 16)  TRIGGER_SPAWN DISABLE TOSS_ON_SPAWN X X X X X NOT_EASY NOT_NORMAL NOT_HARD NOT_DM NOT_COOP RESERVED1 COOP_ONLY RESERVED2;models/weapons/g_nuke/tris.md2;AM-Bomb cooked.;
key_nuke_container_remaster;key_nuke_container;/* QUAKED key_nuke_container (.3 .3 1) (-16 -16 -16) (16 16 16)  TRIGGER_SPAWN DISABLE TOSS_ON_SPAWN X X X X X NOT_EASY NOT_NORMAL NOT_HARD NOT_DM NOT_COOP RESERVED1 COOP_ONLY RESERVED2;models/weapons/g_nuke/tris.md2;AM-Bomb container.;
key_pass_remaster;key_pass;/* QUAKED key_pass (0 .5 .8) (-16 -16 -16) (16 16 16)  TRIGGER_SPAWN DISABLE TOSS_ON_SPAWN X X X X X NOT_EASY NOT_NORMAL NOT_HARD NOT_DM NOT_COOP RESERVED1 COOP_ONLY RESERVED2;models/items/keys/pass/tris.md2;Security Pass.;
key_power_core_remaster;key_power_core;/* QUAKED key_power_core (0 .5 .8) (-16 -16 -16) (16 16 16)  TRIGGER_SPAWN DISABLE TOSS_ON_SPAWN X X X X X NOT_EASY NOT_NORMAL NOT_HARD NOT_DM NOT_COOP RESERVED1 COOP_ONLY RESERVED2;models/items/n64/power_core/tris.md2;Power Core. (N64 item);
key_power_cube_remaster;key_power_cube;/* QUAKED key_power_cube (0 .5 .8) (-16 -16 -16) (16 16 16)  TRIGGER_SPAWN DISABLE TOSS_ON_SPAWN X X X X X NOT_EASY NOT_NORMAL NOT_HARD NOT_DM NOT_COOP RESERVED1 COOP_ONLY RESERVED2;models/items/keys/power/tris.md2;Power Cube.;
key_pyramid_remaster;key_pyramid;/* QUAKED key_pyramid (0 .5 .8) (-16 -16 -16) (16 16 16)  TRIGGER_SPAWN DISABLE TOSS_ON_SPAWN X X X X X NOT_EASY NOT_NORMAL NOT_HARD NOT_DM NOT_COOP RESERVED1 COOP_ONLY RESERVED2;models/items/keys/pyramid/tris.md2;Pyramid Key.;
key_red_key_remaster;key_red_key;/* QUAKED key_red_key (0 .5 .8) (-16 -16 -16) (16 16 16)  TRIGGER_SPAWN DISABLE TOSS_ON_SPAWN X X X X X NOT_EASY NOT_NORMAL NOT_HARD NOT_DM NOT_COOP RESERVED1 COOP_ONLY RESERVED2;models/items/keys/red_key/tris.md2;Red Key.;
key_yellow_key_remaster;key_yellow_key;/* QUAKED key_yellow_key (0 .5 .8) (-16 -16 -16) (16 16 16)  TRIGGER_SPAWN DISABLE TOSS_ON_SPAWN X X X X X NOT_EASY NOT_NORMAL NOT_HARD NOT_DM NOT_COOP RESERVED1 COOP_ONLY RESERVED2;models/items/n64/yellow_key/tris.md2;Yellow Key. (N64 item);
light_remaster;light;/* QUAKED light (0 1 0) (-8 -8 -8) (8 8 8) START_OFF ALLOW_IN_DM X X X X X X NOT_EASY NOT_NORMAL NOT_HARD NOT_DM NOT_COOP RESERVED1 COOP_ONLY RESERVED2;;Light source.;
light_mine1_remaster;light_mine1;/* QUAKED light_mine1 (0 1 0) (-2 -2 -12) (2 2 12) X X X X X X X X NOT_EASY NOT_NORMAL NOT_HARD NOT_DM NOT_COOP RESERVED1 COOP_ONLY RESERVED2;models/objects/minelite/light1/tris.md2;Predefined light source with a model attached on it.;
light_mine2_remaster;light_mine2;/* QUAKED light_mine2 (0 1 0) (-2 -2 -12) (2 2 12) X X X X X X X X NOT_EASY NOT_NORMAL NOT_HARD NOT_DM NOT_COOP RESERVED1 COOP_ONLY RESERVED2;models/objects/minelite/light2/tris.md2;Predefined light source with a model attached on it.;
misc_actor_remaster;misc_actor;/* QUAKED misc_actor (1 .5 0) (-16 -16 -24) (16 16 32);;;
misc_amb4_remaster;misc_amb4;/* QUAKED misc_amb4 (1 0 0) (-16 -16 -16) (16 16 16) X X X X X X X X NOT_EASY NOT_NORMAL NOT_HARD NOT_DM NOT_COOP RESERVED1 COOP_ONLY RESERVED2;;From the code: Mal's amb4 loop entity (?);
misc_banner_remaster;misc_banner;/* QUAKED misc_banner (1 .5 0) (-4 -4 -4) (4 4 4) X X X X X X X X NOT_EASY NOT_NORMAL NOT_HARD NOT_DM NOT_COOP RESERVED1 COOP_ONLY RESERVED2;models/objects/banner/tris.md2;Banner.;
misc_bigviper_remaster;misc_bigviper;/* QUAKED misc_bigviper (1 .5 0) (-176 -120 -24) (176 120 72) X X X X X X X X NOT_EASY NOT_NORMAL NOT_HARD NOT_DM NOT_COOP RESERVED1 COOP_ONLY RESERVED2;models/ships/bigviper/tris.md2;Big Viper.;
misc_blackhole_remaster;misc_blackhole;/* QUAKED misc_blackhole (1 .5 0) (-8 -8 -8) (8 8 8) AUTO_NOISE X X X X X X X NOT_EASY NOT_NORMAL NOT_HARD NOT_DM NOT_COOP RESERVED1 COOP_ONLY RESERVED2;models/objects/black/tris.md2;Blackhole Generator. Requires 256x256x256 of space.;
misc_crashviper_remaster;misc_crashviper;/* QUAKED misc_crashviper (1 .5 0) (-176 -120 -24) (176 120 72) X X X X X X X X NOT_EASY NOT_NORMAL NOT_HARD NOT_DM NOT_COOP RESERVED1 COOP_ONLY RESERVED2;models/ships/bigviper/tris.md2;Crash Viper. A large viper about to crash.;
misc_ctf_banner_remaster;misc_ctf_banner;/* QUAKED misc_ctf_banner (1 .5 0) (-4 -64 0) (4 64 248) BLUETEAM X X X X X X X NOT_EASY NOT_NORMAL NOT_HARD NOT_DM NOT_COOP RESERVED1 COOP_ONLY RESERVED2;models/ctf/banner/tris.md2;248-px wide banner. Has the origin point on its bottom.;
misc_ctf_small_banner_remaster;misc_ctf_small_banner;/* QUAKED misc_ctf_small_banner (1 .5 0) (-4 -32 0) (4 32 124) BLUETEAM X X X X X X X NOT_EASY NOT_NORMAL NOT_HARD NOT_DM NOT_COOP RESERVED1 COOP_ONLY RESERVED2;models/ctf/banner/small.md2;124-px wide banner. Has the origin point on its bottom.;
misc_deadsoldier_remaster;misc_deadsoldier;/* QUAKED misc_deadsoldier (1 .5 0) (-16 -16 0) (16 16 16) ON_BACK ON_STOMACH BACK_DECAP FETAL_POS SIT_DECAP IMPALED X X NOT_EASY NOT_NORMAL NOT_HARD NOT_DM NOT_COOP RESERVED1 COOP_ONLY RESERVED2;models/deadbods/dude/tris.md2;Dead Soldier. Does nothing except be gibbed on fire. Must be placed on the floor, otherwise it will float!;
misc_easterchick_remaster;misc_easterchick;/* QUAKED misc_easterchick (1 .5 0) (-32 -32 0) (32 32 32) X X X X X X X X NOT_EASY NOT_NORMAL NOT_HARD NOT_DM NOT_COOP RESERVED1 COOP_ONLY RESERVED2;models/monsters/bitch/tris.md2;Easter egg Iron Maiden.;
misc_easterchick2_remaster;misc_easterchick2;/* QUAKED misc_easterchick2 (1 .5 0) (-32 -32 0) (32 32 32) X X X X X X X X NOT_EASY NOT_NORMAL NOT_HARD NOT_DM NOT_COOP RESERVED1 COOP_ONLY RESERVED2;models/monsters/bitch/tris.md2;Easter egg Iron Maiden 2.;
misc_eastertank_remaster;misc_eastertank;/* QUAKED misc_eastertank (1 .5 0) (-32 -32 -16) (32 32 32) X X X X X X X X NOT_EASY NOT_NORMAL NOT_HARD NOT_DM NOT_COOP RESERVED1 COOP_ONLY RESERVED2;models/monsters/tank/tris.md2;Easter egg Tank.;
misc_explobox_remaster;misc_explobox;/* QUAKED misc_explobox (0 .5 .8) (-16 -16 0) (16 16 40) X X X X X X X X NOT_EASY NOT_NORMAL NOT_HARD NOT_DM NOT_COOP RESERVED1 COOP_ONLY RESERVED2;models/objects/barrels/tris.md2;Exploding barrel.;
misc_fireball_remaster;misc_fireball;/* QUAKED misc_fireball (0 .5 .8) (-8 -8 -8) (8 8 8) NO_EXPLODE X X X X X X X NOT_EASY NOT_NORMAL NOT_HARD NOT_DM NOT_COOP RESERVED1 COOP_ONLY RESERVED2;models/objects/gibs/sm_meat/tris.md2;Q1 Lava Balls. Literally copied from Q1. N64 entity.;
misc_flare_remaster;misc_flare;/* QUAKED misc_flare (1.0 1.0 0.0) (-32 -32 -32) (32 32 32) RED GREEN BLUE LOCK_ANGLE X X X X NOT_EASY NOT_NORMAL NOT_HARD NOT_DM NOT_COOP RESERVED1 COOP_ONLY RESERVED2;;Flare/Corona. N64 entity applied usually to lights.;
misc_gib_arm_remaster;misc_gib_arm;/* QUAKED misc_gib_arm (1 0 0) (-8 -8 -8) (8 8 8) X X X X X X X X NOT_EASY NOT_NORMAL NOT_HARD NOT_DM NOT_COOP RESERVED1 COOP_ONLY RESERVED2;models/objects/gibs/arm/tris.md2;Arm.;
misc_gib_head_remaster;misc_gib_head;/* QUAKED misc_gib_head (1 0 0) (-8 -8 -8) (8 8 8) X X X X X X X X NOT_EASY NOT_NORMAL NOT_HARD NOT_DM NOT_COOP RESERVED1 COOP_ONLY RESERVED2;models/objects/gibs/head/tris.md2;Head.;
misc_gib_leg_remaster;misc_gib_leg;/* QUAKED misc_gib_leg (1 0 0) (-8 -8 -8) (8 8 8) X X X X X X X X NOT_EASY NOT_NORMAL NOT_HARD NOT_DM NOT_COOP RESERVED1 COOP_ONLY RESERVED2;models/objects/gibs/leg/tris.md2;Leg.;
misc_hologram_remaster;misc_hologram;/* QUAKED misc_hologram (1.0 1.0 0.0) (-16 -16 0) (16 16 32) X X X X X X X X NOT_EASY NOT_NORMAL NOT_HARD NOT_DM NOT_COOP RESERVED1 COOP_ONLY RESERVED2;models/ships/strogg1/tris.md2;Ship hologram seen in the N64 version.;
misc_insane_remaster;misc_insane;/* QUAKED misc_insane (1 .5 0) (-16 -16 -24) (16 16 32) Ambush Trigger_Spawn CRAWL CRUCIFIED STAND_GROUND ALWAYS_STAND QUIET X  NOT_EASY NOT_NORMAL NOT_HARD NOT_DM NOT_COOP RESERVED1 COOP_ONLY RESERVED2 SPAWN_DEAD SUPER_STEP DROP_TO_GROUND;models/monsters/insane/tris.md2;Insane soldier. Begs to be killed. Can't be rescued. Can follow (optionally) a path set with path_corners.;
misc_lavaball_remaster;misc_lavaball;/* QUAKED misc_lavaball (0 .5 .8) (-8 -8 -8) (8 8 8) X X X X X X X X NOT_EASY NOT_NORMAL NOT_HARD NOT_DM NOT_COOP RESERVED1 COOP_ONLY RESERVED2;;Lavaball from Q1.;
misc_model_remaster;misc_model;/* QUAKED misc_model (1 0 0) (-8 -8 -8) (8 8 8);;Random model.;
misc_nuke_remaster;misc_nuke;/* QUAKED misc_nuke (1 0 0) (-16 -16 -16) (16 16 16) X X X X X X X X NOT_EASY NOT_NORMAL NOT_HARD NOT_DM NOT_COOP RESERVED1 COOP_ONLY RESERVED2;;Nuke.;
misc_nuke_core_remaster;misc_nuke_core;/* QUAKED misc_nuke_core (1 0 0) (-16 -16 -16) (16 16 16) X X X X X X X X NOT_EASY NOT_NORMAL NOT_HARD NOT_DM NOT_COOP RESERVED1 COOP_ONLY RESERVED2;models/objects/core/tris.md2;AM-Bomb core.;
misc_player_mannequin_remaster;misc_player_mannequin;/* QUAKED misc_player_mannequin (1.0 1.0 0.0) (-32 -32 -32) (32 32 32) X X X X X X X X NOT_EASY NOT_NORMAL NOT_HARD NOT_DM NOT_COOP RESERVED1 COOP_ONLY RESERVED2;;Creates a player mannequin that stands around.;
misc_satellite_dish_remaster;misc_satellite_dish;/* QUAKED misc_satellite_dish (1 .5 0) (-64 -64 0) (64 64 128) X X X X X STATIC X X NOT_EASY NOT_NORMAL NOT_HARD NOT_DM NOT_COOP RESERVED1 COOP_ONLY RESERVED2;models/objects/satellite/tris.md2;Satellite Dish. Can be placed as a static decoration (space) or triggered, in whose case it will tilt up and rotate to the left (base3).;
misc_strogg_ship_remaster;misc_strogg_ship;/* QUAKED misc_strogg_ship (1 .5 0) (-16 -16 0) (16 16 32) X X X X X X X X NOT_EASY NOT_NORMAL NOT_HARD NOT_DM NOT_COOP RESERVED1 COOP_ONLY RESERVED2;models/ships/strogg1/tris.md2;Strogg Ship.;
misc_teleporter_remaster;misc_teleporter;/* QUAKED misc_teleporter (1 0 0) (-32 -32 -24) (32 32 -16) NO_SOUND NO_TELEPORT_EFFECT N64_EFFECT X X X X X NOT_EASY NOT_NORMAL NOT_HARD NOT_DM NOT_COOP RESERVED1 COOP_ONLY RESERVED2;models/objects/dmspot/tris.md2;Teleporter. Teleports the player to a certain location. Must be used in tandem with misc_teleporter_dest.;
misc_teleporter_dest_remaster;misc_teleporter_dest;/* QUAKED misc_teleporter_dest (1 0 0) (-32 -32 -24) (32 32 -16) X X X X X X X X NOT_EASY NOT_NORMAL NOT_HARD NOT_DM NOT_COOP RESERVED1 COOP_ONLY RESERVED2;models/objects/dmspot/tris.md2;Teleporter destination. Must be the target of a misc_teleporter.;
misc_transport_remaster;misc_transport;/* QUAKED misc_transport (1 0 0) (-8 -8 -8) (8 8 8) X X X X X X X X NOT_EASY NOT_NORMAL NOT_HARD NOT_DM NOT_COOP RESERVED1 COOP_ONLY RESERVED2;models/objects/ship/tris.md2;Transport. From the code: Maxx's transport at end of game;
misc_viper_remaster;misc_viper;/* QUAKED misc_viper (1 .5 0) (-16 -16 0) (16 16 32) X X X X X X X X NOT_EASY NOT_NORMAL NOT_HARD NOT_DM NOT_COOP RESERVED1 COOP_ONLY RESERVED2;models/ships/viper/tris.md2;Viper.;
misc_viper_bomb_remaster;misc_viper_bomb;/* QUAKED misc_viper_bomb (1 0 0) (-8 -8 -8) (8 8 8) X X X X X X X X NOT_EASY NOT_NORMAL NOT_HARD NOT_DM NOT_COOP RESERVED1 COOP_ONLY RESERVED2;models/objects/bomb/tris.md2;Viper Bomber. Drops bombs into an area marked previously with key_airstrike_target.;
misc_viper_missile_remaster;misc_viper_missile;/* QUAKED misc_viper_missile (1 0 0) (-8 -8 -8) (8 8 8) X X X X X X X X NOT_EASY NOT_NORMAL NOT_HARD NOT_DM NOT_COOP RESERVED1 COOP_ONLY RESERVED2;models/objects/bomb/tris.md2;Viper Missile. Causes damage upon explosion.;
monster_arachnid_remaster;monster_arachnid;/* QUAKED monster_arachnid (1 .5 0) (-48 -48 -20) (48 48 48) Ambush Trigger_Spawn Sight X X X X X NOT_EASY NOT_NORMAL NOT_HARD NOT_DM NOT_COOP RESERVED1 COOP_ONLY RESERVED2 SPAWN_DEAD SUPER_STEP DROP_TO_GROUND;models/monsters/arachnid/tris.md2;Arachnid. Carries dual railguns. PSX monster.;
monster_berserk_remaster;monster_berserk;/* QUAKED monster_berserk (1 .5 0) (-16 -16 -24) (16 16 32) Ambush Trigger_Spawn Sight NoJumping X X X X NOT_EASY NOT_NORMAL NOT_HARD NOT_DM NOT_COOP RESERVED1 COOP_ONLY RESERVED2 SPAWN_DEAD SUPER_STEP DROP_TO_GROUND;models/monsters/berserk/tris.md2;Berserker.;
monster_boss2_remaster;monster_boss2;/* QUAKED monster_boss2 (1 .5 0) (-56 -56 0) (56 56 80) Ambush Trigger_Spawn Sight Hyperblaster X X X X NOT_EASY NOT_NORMAL NOT_HARD NOT_DM NOT_COOP RESERVED1 COOP_ONLY RESERVED2 SPAWN_DEAD SUPER_STEP DROP_TO_GROUND;models/monsters/boss2/tris.md2;Hornet.;
monster_boss3_stand_remaster;monster_boss3_stand;/* QUAKED monster_boss3_stand (1 .5 0) (-32 -32 0) (32 32 90) X X X X X X X X NOT_EASY NOT_NORMAL NOT_HARD NOT_DM NOT_COOP RESERVED1 COOP_ONLY RESERVED2;models/monsters/boss3/rider/tris.md2;DECORATION ONLY. Standing, invulnerable Jorg (boss1). For the real thing use monster_jorg.;
monster_boss5_remaster;monster_boss5;/* QUAKED monster_boss5 (1 .5 0) (-64 -64 0) (64 64 72) Ambush Trigger_Spawn Sight NoLaser X X X X NOT_EASY NOT_NORMAL NOT_HARD NOT_DM NOT_COOP RESERVED1 COOP_ONLY RESERVED2 SPAWN_DEAD SUPER_STEP DROP_TO_GROUND;models/monsters/boss5/tris.md2;Beta Class Supertank. Supertank with a Power Shield.;
monster_brain_remaster;monster_brain;/* QUAKED monster_brain (1 .5 0) (-16 -16 -24) (16 16 32) Ambush Trigger_Spawn Sight X X X X X NOT_EASY NOT_NORMAL NOT_HARD NOT_DM NOT_COOP RESERVED1 COOP_ONLY RESERVED2 SPAWN_DEAD SUPER_STEP DROP_TO_GROUND;models/monsters/brain/tris.md2;Brains.;
monster_carrier_remaster;monster_carrier;/* QUAKED monster_carrier (1 .5 0) (-56 -56 -44) (56 56 44) Ambush Trigger_Spawn Sight X X X X X NOT_EASY NOT_NORMAL NOT_HARD NOT_DM NOT_COOP RESERVED1 COOP_ONLY RESERVED2 SPAWN_DEAD SUPER_STEP DROP_TO_GROUND;models/monsters/carrier/tris.md2;Carrier boss.;
monster_chick_remaster;monster_chick;/* QUAKED monster_chick (1 .5 0) (-16 -16 -24) (16 16 32) Ambush Trigger_Spawn Sight X X X X X NOT_EASY NOT_NORMAL NOT_HARD NOT_DM NOT_COOP RESERVED1 COOP_ONLY RESERVED2 SPAWN_DEAD SUPER_STEP DROP_TO_GROUND;models/monsters/bitch/tris.md2;Iron Maiden.;
monster_chick_heat_remaster;monster_chick_heat;/* QUAKED monster_chick_heat (1 .5 0) (-16 -16 -24) (16 16 32) Ambush Trigger_Spawn Sight X X X X X NOT_EASY NOT_NORMAL NOT_HARD NOT_DM NOT_COOP RESERVED1 COOP_ONLY RESERVED2 SPAWN_DEAD SUPER_STEP DROP_TO_GROUND;models/monsters/bitch/tris.md2;Beta Class Iron Maiden. Shoots homing missiles.;
monster_commander_body_remaster;monster_commander_body;/* QUAKED monster_commander_body (1 .5 0) (-32 -32 0) (32 32 48) X X X X X X X X NOT_EASY NOT_NORMAL NOT_HARD NOT_DM NOT_COOP RESERVED1 COOP_ONLY RESERVED2;models/monsters/commandr/tris.md2;DECORATION ONLY. Tank Commander's body. Usually located near a Commander's Head. For the real thing use instead monster_tank_commander.;
monster_daedalus_remaster;monster_daedalus;/* QUAKED monster_daedalus (1 .5 0) (-16 -16 -24) (16 16 32) Ambush Trigger_Spawn Sight X X X X X NOT_EASY NOT_NORMAL NOT_HARD NOT_DM NOT_COOP RESERVED1 COOP_ONLY RESERVED2 SPAWN_DEAD SUPER_STEP DROP_TO_GROUND;models/monsters/hover/tris.md2;Daedalus (Icarus improved);
monster_fixbot_remaster;monster_fixbot;/* QUAKED monster_fixbot (1 .5 0) (-32 -32 -24) (32 32 24) Ambush Trigger_Spawn Fixit Takeoff Landing X X X NOT_EASY NOT_NORMAL NOT_HARD NOT_DM NOT_COOP RESERVED1 COOP_ONLY RESERVED2 SPAWN_DEAD SUPER_STEP DROP_TO_GROUND;models/monsters/fixbot/tris.md2;Repair Bot. Can resurrect Strogg, has a very weak and slow attack. Repairs things.;
monster_flipper_remaster;monster_flipper;/* QUAKED monster_flipper (1 .5 0) (-16 -16 -24) (16 16 32) Ambush Trigger_Spawn Sight X X X X X NOT_EASY NOT_NORMAL NOT_HARD NOT_DM NOT_COOP RESERVED1 COOP_ONLY RESERVED2 SPAWN_DEAD SUPER_STEP DROP_TO_GROUND;models/monsters/flipper/tris.md2;Barracuda Shark.;
monster_floater_remaster;monster_floater;/* QUAKED monster_floater (1 .5 0) (-16 -16 -24) (16 16 32) Ambush Trigger_Spawn Sight Disguise X X X X NOT_EASY NOT_NORMAL NOT_HARD NOT_DM NOT_COOP RESERVED1 COOP_ONLY RESERVED2 SPAWN_DEAD SUPER_STEP DROP_TO_GROUND;models/monsters/float/tris.md2;Technician.;
monster_flyer_remaster;monster_flyer;/* QUAKED monster_flyer (1 .5 0) (-16 -16 -24) (16 16 32) Ambush Trigger_Spawn Sight X X X X X NOT_EASY NOT_NORMAL NOT_HARD NOT_DM NOT_COOP RESERVED1 COOP_ONLY RESERVED2 SPAWN_DEAD SUPER_STEP DROP_TO_GROUND;models/monsters/flyer/tris.md2;Flyer.;
monster_gekk_remaster;monster_gekk;/* QUAKED monster_gekk (1 .5 0) (-16 -16 -24) (16 16 24) Ambush Trigger_Spawn Sight Chant NoJumping NoSwimming X X NOT_EASY NOT_NORMAL NOT_HARD NOT_DM NOT_COOP RESERVED1 COOP_ONLY RESERVED2 SPAWN_DEAD SUPER_STEP DROP_TO_GROUND;models/monsters/gekk/tris.md2;Gekk. Weaker version of the Mutant with a ranged attack and more clunky movement.;
monster_gladb_remaster;monster_gladb;/* QUAKED monster_gladb (1 .5 0) (-32 -32 -24) (32 32 64) Ambush Trigger_Spawn Sight X X X X X NOT_EASY NOT_NORMAL NOT_HARD NOT_DM NOT_COOP RESERVED1 COOP_ONLY RESERVED2 SPAWN_DEAD SUPER_STEP DROP_TO_GROUND;models/monsters/gladb/tris.md2;Beta Class Gladiator. Fires Phalanx projectiles instead of rails, and has a Power Shield.;
monster_gladiator_remaster;monster_gladiator;/* QUAKED monster_gladiator (1 .5 0) (-32 -32 -24) (32 32 64) Ambush Trigger_Spawn Sight X X X X X NOT_EASY NOT_NORMAL NOT_HARD NOT_DM NOT_COOP RESERVED1 COOP_ONLY RESERVED2 SPAWN_DEAD SUPER_STEP DROP_TO_GROUND;models/monsters/gladiatr/tris.md2;Gladiator.;
monster_guardian_remaster;monster_guardian;/* QUAKED monster_guardian (1 .5 0) (-96 -96 -66) (96 96 62) Ambush Trigger_Spawn Sight X X X X X NOT_EASY NOT_NORMAL NOT_HARD NOT_DM NOT_COOP RESERVED1 COOP_ONLY RESERVED2 SPAWN_DEAD SUPER_STEP DROP_TO_GROUND;models/monsters/guardian/tris.md2;Guardian. Bipedal chicken walker. PSX monster.;
monster_guncmdr_remaster;monster_guncmdr;/* QUAKED monster_guncmdr (1 .5 0) (-16 -16 -24) (16 16 32) Ambush Trigger_Spawn Sight NoJumping X X X X NOT_EASY NOT_NORMAL NOT_HARD NOT_DM NOT_COOP RESERVED1 COOP_ONLY RESERVED2 SPAWN_DEAD SUPER_STEP DROP_TO_GROUND;models/monsters/guncmdr/tris.md2;Gunner Commander. Has an ETF Rifle, uses a Power Shield and kicks you.;
monster_gunner_remaster;monster_gunner;/* QUAKED monster_gunner (1 .5 0) (-16 -16 -24) (16 16 32) Ambush Trigger_Spawn Sight NoJumping X X X X NOT_EASY NOT_NORMAL NOT_HARD NOT_DM NOT_COOP RESERVED1 COOP_ONLY RESERVED2 SPAWN_DEAD SUPER_STEP DROP_TO_GROUND;models/monsters/gunner/tris.md2;Gunner.;
monster_hover_remaster;monster_hover;/* QUAKED monster_hover (1 .5 0) (-16 -16 -24) (16 16 32) Ambush Trigger_Spawn Sight X X X X X NOT_EASY NOT_NORMAL NOT_HARD NOT_DM NOT_COOP RESERVED1 COOP_ONLY RESERVED2 SPAWN_DEAD SUPER_STEP DROP_TO_GROUND;models/monsters/hover/tris.md2;Icarus.;
monster_infantry_remaster;monster_infantry;/* QUAKED monster_infantry (1 .5 0) (-16 -16 -24) (16 16 32) Ambush Trigger_Spawn Sight NoJumping X X X X NOT_EASY NOT_NORMAL NOT_HARD NOT_DM NOT_COOP RESERVED1 COOP_ONLY RESERVED2 SPAWN_DEAD SUPER_STEP DROP_TO_GROUND;models/monsters/infantry/tris.md2;Enforcer.;
monster_jorg_remaster;monster_jorg;/* QUAKED monster_jorg (1 .5 0) (-80 -80 0) (90 90 140) Ambush Trigger_Spawn Sight X X X X X NOT_EASY NOT_NORMAL NOT_HARD NOT_DM NOT_COOP RESERVED1 COOP_ONLY RESERVED2 SPAWN_DEAD SUPER_STEP DROP_TO_GROUND;models/monsters/boss3/jorg/tris.md2;Jorg.;
monster_kamikaze_remaster;monster_kamikaze;/* QUAKED monster_kamikaze (1 .5 0) (-16 -16 -24) (16 16 32) Ambush Trigger_Spawn Sight X X X X X NOT_EASY NOT_NORMAL NOT_HARD NOT_DM NOT_COOP RESERVED1 COOP_ONLY RESERVED2 SPAWN_DEAD SUPER_STEP DROP_TO_GROUND;models/monsters/flyer/tris.md2;Kamikaze Flyer. Finds an objective and commits explosive suicide against it.;
monster_makron_remaster;monster_makron;/* QUAKED monster_makron (1 .5 0) (-30 -30 0) (30 30 90) Ambush Trigger_Spawn Sight X X X X X NOT_EASY NOT_NORMAL NOT_HARD NOT_DM NOT_COOP RESERVED1 COOP_ONLY RESERVED2 SPAWN_DEAD SUPER_STEP DROP_TO_GROUND;models/monsters/boss3/rider/tris.md2;BROKEN. Makron. Use monster_jorg instead.;
monster_medic_remaster;monster_medic;/* QUAKED monster_medic (1 .5 0) (-16 -16 -24) (16 16 32) Ambush Trigger_Spawn Sight X X X X X NOT_EASY NOT_NORMAL NOT_HARD NOT_DM NOT_COOP RESERVED1 COOP_ONLY RESERVED2 SPAWN_DEAD SUPER_STEP DROP_TO_GROUND;models/monsters/medic/tris.md2;Medic.;
monster_medic_commander_remaster;monster_medic_commander;/* QUAKED monster_medic_commander (1 .5 0) (-16 -16 -24) (16 16 32) Ambush Trigger_Spawn Sight X X X X X NOT_EASY NOT_NORMAL NOT_HARD NOT_DM NOT_COOP RESERVED1 COOP_ONLY RESERVED2 SPAWN_DEAD SUPER_STEP DROP_TO_GROUND;models/monsters/medic/tris.md2;Medic Commander. Heals and spawns other monsters.;
monster_mutant_remaster;monster_mutant;/* QUAKED monster_mutant (1 .5 0) (-32 -32 -24) (32 32 32) Ambush Trigger_Spawn Sight NoJumping X X X X NOT_EASY NOT_NORMAL NOT_HARD NOT_DM NOT_COOP RESERVED1 COOP_ONLY RESERVED2 SPAWN_DEAD SUPER_STEP DROP_TO_GROUND;models/monsters/mutant/tris.md2;Mutant.;
monster_parasite_remaster;monster_parasite;/* QUAKED monster_parasite (1 .5 0) (-16 -16 -24) (16 16 32) Ambush Trigger_Spawn Sight NoJumping X X X X NOT_EASY NOT_NORMAL NOT_HARD NOT_DM NOT_COOP RESERVED1 COOP_ONLY RESERVED2 SPAWN_DEAD SUPER_STEP DROP_TO_GROUND;models/monsters/parasite/tris.md2;Parasite.;
monster_shambler_remaster;monster_shambler;/* QUAKED monster_shambler (1 .5 0) (-32 -32 -24) (32 32 64) Ambush Trigger_Spawn Sight X X X X X NOT_EASY NOT_NORMAL NOT_HARD NOT_DM NOT_COOP RESERVED1 COOP_ONLY RESERVED2 SPAWN_DEAD SUPER_STEP DROP_TO_GROUND;models/monsters/shambler/tris.md2;Shambler from Q1.;
monster_soldier_remaster;monster_soldier;/* QUAKED monster_soldier (1 .5 0) (-16 -16 -24) (16 16 32) Ambush Trigger_Spawn Sight Blind X X X X NOT_EASY NOT_NORMAL NOT_HARD NOT_DM NOT_COOP RESERVED1 COOP_ONLY RESERVED2 SPAWN_DEAD SUPER_STEP DROP_TO_GROUND;models/monsters/soldier/tris.md2;Machinegun Guard.;
monster_soldier_hypergun_remaster;monster_soldier_hypergun;/* QUAKED monster_soldier_hypergun (1 .5 0) (-16 -16 -24) (16 16 32) Ambush Trigger_Spawn Sight Blind X X X X NOT_EASY NOT_NORMAL NOT_HARD NOT_DM NOT_COOP RESERVED1 COOP_ONLY RESERVED2 SPAWN_DEAD SUPER_STEP DROP_TO_GROUND;models/monsters/soldierh/tris.md2;Hyperblast Guard. Soldier that shoots Hyperblaster bolts.;
monster_soldier_lasergun_remaster;monster_soldier_lasergun;/* QUAKED monster_soldier_lasergun (1 .5 0) (-16 -16 -24) (16 16 32) Ambush Trigger_Spawn Sight Blind X X X X NOT_EASY NOT_NORMAL NOT_HARD NOT_DM NOT_COOP RESERVED1 COOP_ONLY RESERVED2 SPAWN_DEAD SUPER_STEP DROP_TO_GROUND;models/monsters/soldierh/tris.md2;Laser Guard. Soldier that shoots a laser.;
monster_soldier_light_remaster;monster_soldier_light;/* QUAKED monster_soldier_light (1 .5 0) (-16 -16 -24) (16 16 32) Ambush Trigger_Spawn Sight NoJumping X X X X NOT_EASY NOT_NORMAL NOT_HARD NOT_DM NOT_COOP RESERVED1 COOP_ONLY RESERVED2 SPAWN_DEAD SUPER_STEP DROP_TO_GROUND;models/monsters/soldier/tris.md2;Light Guard.;
monster_soldier_ripper_remaster;monster_soldier_ripper;/* QUAKED monster_soldier_ripper (1 .5 0) (-16 -16 -24) (16 16 32) Ambush Trigger_Spawn Sight Blind X X X X NOT_EASY NOT_NORMAL NOT_HARD NOT_DM NOT_COOP RESERVED1 COOP_ONLY RESERVED2 SPAWN_DEAD SUPER_STEP DROP_TO_GROUND;models/monsters/soldierh/tris.md2;Ion Ripper Guard. Soldier that shoots Ion Ripper projectiles.;
monster_soldier_ss_remaster;monster_soldier_ss;/* QUAKED monster_soldier_ss (1 .5 0) (-16 -16 -24) (16 16 32) Ambush Trigger_Spawn Sight Blind X X X X NOT_EASY NOT_NORMAL NOT_HARD NOT_DM NOT_COOP RESERVED1 COOP_ONLY RESERVED2 SPAWN_DEAD SUPER_STEP DROP_TO_GROUND;models/monsters/soldier/tris.md2;Shotgun Guard.;
monster_stalker_remaster;monster_stalker;/* QUAKED monster_stalker (1 .5 0) (-28 -28 -18) (28 28 18) Ambush Trigger_Spawn Sight OnRoof NoJumping X X X NOT_EASY NOT_NORMAL NOT_HARD NOT_DM NOT_COOP RESERVED1 COOP_ONLY RESERVED2 SPAWN_DEAD SUPER_STEP DROP_TO_GROUND;models/monsters/stalker/tris.md2;Stalker.;
monster_supertank_remaster;monster_supertank;/* QUAKED monster_supertank (1 .5 0) (-64 -64 0) (64 64 72) Ambush Trigger_Spawn Sight Powershield LongDeath X X X NOT_EASY NOT_NORMAL NOT_HARD NOT_DM NOT_COOP RESERVED1 COOP_ONLY RESERVED2 SPAWN_DEAD SUPER_STEP DROP_TO_GROUND;models/monsters/boss1/tris.md2;Supertank.;
monster_tank_remaster;monster_tank;/* QUAKED monster_tank (1 .5 0) (-32 -32 -16) (32 32 72) Ambush Trigger_Spawn Sight X X X X X NOT_EASY NOT_NORMAL NOT_HARD NOT_DM NOT_COOP RESERVED1 COOP_ONLY RESERVED2 SPAWN_DEAD SUPER_STEP DROP_TO_GROUND;models/monsters/tank/tris.md2;Tank.;
monster_tank_commander_remaster;monster_tank_commander;/* QUAKED monster_tank_commander (1 .5 0) (-32 -32 -16) (32 32 72) Ambush Trigger_Spawn Sight Guardian HeatSeeking X X X NOT_EASY NOT_NORMAL NOT_HARD NOT_DM NOT_COOP RESERVED1 COOP_ONLY RESERVED2 SPAWN_DEAD SUPER_STEP DROP_TO_GROUND;models/monsters/tank/tris.md2;Tank Commander.;
monster_tank_stand_remaster;monster_tank_stand;/* QUAKED monster_tank_stand (1 .5 0) (-32 -32 0) (32 32 90) X X X X X X X X NOT_EASY NOT_NORMAL NOT_HARD NOT_DM NOT_COOP RESERVED1 COOP_ONLY RESERVED2;models/monsters/tank/tris.md2;Just stands and cycles in one place until targeted, then teleports away. Like the Makron in the main game. (N64 monster);
monster_turret_remaster;monster_turret;/* QUAKED monster_turret (1 .5 0) (-16 -16 -16) (16 16 16) Ambush Trigger_Spawn Sight Blaster MachineGun Rocket Heatbeam WallUnit NOT_EASY NOT_NORMAL NOT_HARD NOT_DM NOT_COOP RESERVED1 COOP_ONLY RESERVED2 SPAWN_DEAD SUPER_STEP DROP_TO_GROUND NO_LASER;models/monsters/turret/tris.md2;Annoying Defense Turret.;
monster_widow_remaster;monster_widow;/* QUAKED monster_widow (1 .5 0) (-40 -40 0) (40 40 144) Ambush Trigger_Spawn Sight X X X X X NOT_EASY NOT_NORMAL NOT_HARD NOT_DM NOT_COOP RESERVED1 COOP_ONLY RESERVED2 SPAWN_DEAD SUPER_STEP DROP_TO_GROUND;models/monsters/blackwidow/tris.md2;Black Widow boss  Form 1.;
monster_widow2_remaster;monster_widow2;/* QUAKED monster_widow2 (1 .5 0) (-70 -70 0) (70 70 144) Ambush Trigger_Spawn Sight X X X X X NOT_EASY NOT_NORMAL NOT_HARD NOT_DM NOT_COOP RESERVED1 COOP_ONLY RESERVED2 SPAWN_DEAD SUPER_STEP DROP_TO_GROUND;models/monsters/blackwidow2/tris.md2;Black Widow boss  Form 2.;
path_corner_remaster;path_corner;/* QUAKED path_corner (.5 .3 0) (-8 -8 -8) (8 8 8) TELEPORT X X X X X X X NOT_EASY NOT_NORMAL NOT_HARD NOT_DM NOT_COOP RESERVED1 COOP_ONLY RESERVED2;;Path corner. Used mostly for func_trains and trigger_elevator-triggered func_plat. Also controls the patrol routes of monsters, misc_insanes, misc_vipers, misc_bigvipers and misc_strogg_ships.;
point_combat_remaster;point_combat;/* QUAKED point_combat (0.5 0.3 0) (-8 -8 -8) (8 8 8) Hold X X X X X X X NOT_EASY NOT_NORMAL NOT_HARD NOT_DM NOT_COOP RESERVED1 COOP_ONLY RESERVED2;;Combat points for monsters. A monster which is engaging the player will stop at this point and use their ranged attack. Can be linked in order to form a network that the monster will travel. Afterwards they will chase the player.;
rotating_light_remaster;rotating_light;/* QUAKED rotating_light (0 .5 .8) (-8 -8 -8) (8 8 8) START_OFF ALARM X X X X X X NOT_EASY NOT_NORMAL NOT_HARD NOT_DM NOT_COOP RESERVED1 COOP_ONLY RESERVED2;models/objects/light/tris.md2;Rotating light.;
target_achievement_remaster;target_achievement;/* QUAKED target_achievement (.5 .5 .5) (-8 -8 -8) (8 8 8) X X X X X X X X NOT_EASY NOT_NORMAL NOT_HARD NOT_DM NOT_COOP RESERVED1 COOP_ONLY RESERVED2;;Gives an achievement.;
target_actor_remaster;target_actor;/* QUAKED target_actor (.5 .3 0) (-8 -8 -8) (8 8 8) JUMP SHOOT ATTACK X HOLD BRUTAL;;;
target_anger_remaster;target_anger;/* QUAKED target_anger (1 0 0) (-8 -8 -8) (8 8 8) X X X X X X X X NOT_EASY NOT_NORMAL NOT_HARD NOT_DM NOT_COOP RESERVED1 COOP_ONLY RESERVED2;;Causes an entity to be angry at another entity.;
target_autosave_remaster;target_autosave;/* QUAKED target_autosave (0 1 0) (-8 -8 -8) (8 8 8) X X X X X X X X NOT_EASY NOT_NORMAL NOT_HARD NOT_DM NOT_COOP RESERVED1 COOP_ONLY RESERVED2;;Auto save on command.;
target_blacklight_remaster;target_blacklight;/* QUAKED target_blacklight (1 0 1) (-16 -16 -24) (16 16 24) X X X X X X X X NOT_EASY NOT_NORMAL NOT_HARD NOT_DM NOT_COOP RESERVED1 COOP_ONLY RESERVED2;models/items/spawngro2/tris.md2;Pulsing black light with sphere in the center.;
target_blaster_remaster;target_blaster;/* QUAKED target_blaster (1 0 0) (-8 -8 -8) (8 8 8) NOTRAIL NOEFFECTS X X X X X X NOT_EASY NOT_NORMAL NOT_HARD NOT_DM NOT_COOP RESERVED1 COOP_ONLY RESERVED2;;Blaster fire. Must be triggered in order to work.;
target_camera_remaster;target_camera;/* QUAKED target_camera (1 0 0) (-8 -8 -8) (8 8 8) X X X X X X X X NOT_EASY NOT_NORMAL NOT_HARD NOT_DM NOT_COOP RESERVED1 COOP_ONLY RESERVED2;;Creates a camera path as seen in the N64 version.;
target_changelevel_remaster;target_changelevel;/* QUAKED target_changelevel (1 0 0) (-8 -8 -8) (8 8 8) X X X CLEAR_INVENTORY NO_END_OF_UNIT FADE_OUT IMMEDIATE_LEAVE X NOT_EASY NOT_NORMAL NOT_HARD NOT_DM NOT_COOP RESERVED1 COOP_ONLY RESERVED2;;Level entrance/exit points in SP.;
target_character_remaster;target_character;/* QUAKED target_character (0 0 1) ? X X X X X X X X NOT_EASY NOT_NORMAL NOT_HARD NOT_DM NOT_COOP RESERVED1 COOP_ONLY RESERVED2;;One of eight 8x16 brushes required for the style of a func_clock to work.;
target_crosslevel_target_remaster;target_crosslevel_target;/* QUAKED target_crosslevel_target (.5 .5 .5) (-8 -8 -8) (8 8 8) trigger1 trigger2 trigger3 trigger4 trigger5 trigger6 trigger7 trigger8 NOT_EASY NOT_NORMAL NOT_HARD NOT_DM NOT_COOP RESERVED1 COOP_ONLY RESERVED2 trigger9 trigger10 trigger11 trigger12 trigger13 trigger14 trigger15 trigger16;;Targeted event of a target_crosslevel_trigger in SP.;
target_crosslevel_trigger_remaster;target_crosslevel_trigger;/* QUAKED target_crosslevel_trigger (.5 .5 .5) (-8 -8 -8) (8 8 8) trigger1 trigger2 trigger3 trigger4 trigger5 trigger6 trigger7 trigger8 NOT_EASY NOT_NORMAL NOT_HARD NOT_DM NOT_COOP RESERVED1 COOP_ONLY RESERVED2;;Triggers up to eight events in another level of the unit in SP.;
target_crossunit_target_remaster;target_crossunit_target;/* QUAKED target_crossunit_target (.5 .5 .5) (-8 -8 -8) (8 8 8) trigger1 trigger2 trigger3 trigger4 trigger5 trigger6 trigger7 trigger8 NOT_EASY NOT_NORMAL NOT_HARD NOT_DM NOT_COOP RESERVED1 COOP_ONLY RESERVED2 trigger9 trigger10 trigger11 trigger12 trigger13 trigger14 trigger15 trigger16;;Targeted event of a target_crossunit_trigger in SP.;
target_crossunit_trigger_remaster;target_crossunit_trigger;/* QUAKED target_crossunit_trigger (.5 .5 .5) (-8 -8 -8) (8 8 8) trigger1 trigger2 trigger3 trigger4 trigger5 trigger6 trigger7 trigger8 NOT_EASY NOT_NORMAL NOT_HARD NOT_DM NOT_COOP RESERVED1 COOP_ONLY RESERVED2;;Triggers up to eight events in another unit in SP.;
target_earthquake_remaster;target_earthquake;/* QUAKED target_earthquake (1 0 0) (-8 -8 -8) (8 8 8) SILENT TOGGLE X ONE_SHOT X X X X NOT_EASY NOT_NORMAL NOT_HARD NOT_DM NOT_COOP RESERVED1 COOP_ONLY RESERVED2;;An earthquake. Must be triggered in order to work.;
target_explosion_remaster;target_explosion;/* QUAKED target_explosion (1 0 0) (-8 -8 -8) (8 8 8) X X X X X X X X NOT_EASY NOT_NORMAL NOT_HARD NOT_DM NOT_COOP RESERVED1 COOP_ONLY RESERVED2;;Creates a visual explosion that can inflict damage.;
target_gravity_remaster;target_gravity;/* QUAKED target_gravity (1 0 0) (-8 -8 -8) (8 8 8) NOTRAIL NOEFFECTS X X X X X X NOT_EASY NOT_NORMAL NOT_HARD NOT_DM NOT_COOP RESERVED1 COOP_ONLY RESERVED2;;Changes gravity, as seen in the N64 version.;
target_goal_remaster;target_goal;/* QUAKED target_goal (1 0 1) (-8 -8 -8) (8 8 8) KEEP_MUSIC X X X X X X X NOT_EASY NOT_NORMAL NOT_HARD NOT_DM NOT_COOP RESERVED1 COOP_ONLY RESERVED2;;Goal target. When the map is being loaded in SP, the game counts all of them. When a goal has been triggered, it adds 1 to the goal count.;
target_healthbar_remaster;target_healthbar;/* QUAKED target_healthbar (0 1 0) (-8 -8 -8) (8 8 8) PVS_ONLY X X X X X X X NOT_EASY NOT_NORMAL NOT_HARD NOT_DM NOT_COOP RESERVED1 COOP_ONLY RESERVED2;;Hooks up a health bar to a monster.;
target_help_remaster;target_help;/* QUAKED target_help (1 0 1) (-16 -16 -24) (16 16 24) help1 setpoi X X X X X X NOT_EASY NOT_NORMAL NOT_HARD NOT_DM NOT_COOP RESERVED1 COOP_ONLY RESERVED2;;Computer updater target. Updates the help computer in SP.;
target_killplayers_remaster;target_killplayers;/* QUAKED target_killplayers (1 0 0) (-8 -8 -8) (8 8 8) X X X X X X X X NOT_EASY NOT_NORMAL NOT_HARD NOT_DM NOT_COOP RESERVED1 COOP_ONLY RESERVED2;;Kills all the players on the map. God-mode proof.;
target_laser_remaster;target_laser;/* QUAKED target_laser (0 .5 .8) (-8 -8 -8) (8 8 8) START_ON RED GREEN BLUE YELLOW ORANGE FAT WINDOWSTOP NOT_EASY NOT_NORMAL NOT_HARD NOT_DM NOT_COOP RESERVED1 COOP_ONLY RESERVED2 LIGHTNING;;Laser that inflicts damage. Moving lasers must be targeted to func_train.;
target_light_remaster;target_light;/* QUAKED target_light (1 0 0) (-8 -8 -8) (8 8 8) START_ON NO_LERP FLICKER X X X X X NOT_EASY NOT_NORMAL NOT_HARD NOT_DM NOT_COOP RESERVED1 COOP_ONLY RESERVED2;;Dynamic light entity that follows a lightstyle.;
target_lightramp_remaster;target_lightramp;/* QUAKED target_lightramp (0 .5 .8) (-8 -8 -8) (8 8 8) TOGGLE X X X X X X X NOT_EASY NOT_NORMAL NOT_HARD NOT_DM NOT_COOP RESERVED1 COOP_ONLY RESERVED2;;Target that makes a light fade in/out.;
target_mal_laser_remaster;target_mal_laser;/* QUAKED target_mal_laser (1 0 0) (-4 -4 -4) (4 4 4) START_ON RED GREEN BLUE YELLOW ORANGE FAT X NOT_EASY NOT_NORMAL NOT_HARD NOT_DM NOT_COOP RESERVED1 COOP_ONLY RESERVED2;;From the code: Mals laser;
target_music_remaster;target_music;/* QUAKED target_music (1 0 0) (-8 -8 -8) (8 8 8) X X X X X X X X NOT_EASY NOT_NORMAL NOT_HARD NOT_DM NOT_COOP RESERVED1 COOP_ONLY RESERVED2;;Change music when used.;
target_orb_remaster;target_orb;/* QUAKED target_orb (1 0 1) (-16 -16 -24) (16 16 24) X X X X X X X X NOT_EASY NOT_NORMAL NOT_HARD NOT_DM NOT_COOP RESERVED1 COOP_ONLY RESERVED2;;Translucent pulsing orb with speckles.;
target_poi_remaster;target_poi;/* QUAKED target_poi (1 0 0) (-4 -4 -4) (4 4 4) NEAREST DUMMY DYNAMIC X X X X X NOT_EASY NOT_NORMAL NOT_HARD NOT_DM NOT_COOP RESERVED1 COOP_ONLY RESERVED2;;Point of interest for help in player navigation.;
target_secret_remaster;target_secret;/* QUAKED target_secret (1 0 1) (-8 -8 -8) (8 8 8) X X X X X X X X NOT_EASY NOT_NORMAL NOT_HARD NOT_DM NOT_COOP RESERVED1 COOP_ONLY RESERVED2;;Secret target. When the map is being loaded in SP, the game counts all of them. When a secret has been triggered, it adds 1 to the secret count.;
target_sky_remaster;target_sky;/* QUAKED target_sky (0 1 0) (-8 -8 -8) (8 8 8) X X X X X X X X NOT_EASY NOT_NORMAL NOT_HARD NOT_DM NOT_COOP RESERVED1 COOP_ONLY RESERVED2;;Changes sky parameters.;
target_soundfx_remaster;target_soundfx;/* QUAKED target_soundfx (1 0 0) (-8 -8 -8) (8 8 8) NOTRAIL NOEFFECTS X X X X X X NOT_EASY NOT_NORMAL NOT_HARD NOT_DM NOT_COOP RESERVED1 COOP_ONLY RESERVED2;;Plays a sound fx, as seen in the N64 version.;
target_spawner_remaster;target_spawner;/* QUAKED target_spawner (1 0 0) (-8 -8 -8) (8 8 8) X X X X X X X X NOT_EASY NOT_NORMAL NOT_HARD NOT_DM NOT_COOP RESERVED1 COOP_ONLY RESERVED2;;Spawns another entity. Can be an item or a monster.;
target_speaker_remaster;target_speaker;/* QUAKED target_speaker (1 0 0) (-8 -8 -8) (8 8 8) looped-on looped-off reliable no-panning X X X X NOT_EASY NOT_NORMAL NOT_HARD NOT_DM NOT_COOP RESERVED1 COOP_ONLY RESERVED2;;Plays a sound in a particular area.;
target_splash_remaster;target_splash;/* QUAKED target_splash (1 0 0) (-8 -8 -8) (8 8 8) X X X X X X X X NOT_EASY NOT_NORMAL NOT_HARD NOT_DM NOT_COOP RESERVED1 COOP_ONLY RESERVED2;;Spawns liquid splashes in an area.;
target_steam_remaster;target_steam;/* QUAKED target_steam (1 0 0) (-8 -8 -8) (8 8 8) X X X X X X X X NOT_EASY NOT_NORMAL NOT_HARD NOT_DM NOT_COOP RESERVED1 COOP_ONLY RESERVED2;;Creates a steam effect.;
target_string_remaster;target_string;/* QUAKED target_string (0 0 1) (-8 -8 -8) (8 8 8) X X X X X X X X NOT_EASY NOT_NORMAL NOT_HARD NOT_DM NOT_COOP RESERVED1 COOP_ONLY RESERVED2;;Entity that allows func_clock to use target_characters.;
target_temp_entity_remaster;target_temp_entity;/* QUAKED target_temp_entity (1 0 0) (-8 -8 -8) (8 8 8) X X X X X X X X NOT_EASY NOT_NORMAL NOT_HARD NOT_DM NOT_COOP RESERVED1 COOP_ONLY RESERVED2;;Spawns a specific sprite.;
trigger_always_remaster;trigger_always;/* QUAKED trigger_always (.5 .5 .5) (-8 -8 -8) (8 8 8) X X X X X X X X NOT_EASY NOT_NORMAL NOT_HARD NOT_DM NOT_COOP RESERVED1 COOP_ONLY RESERVED2;;Trigger that activates at the beginning of the level.;
trigger_coop_relay_remaster;trigger_coop_relay;/* QUAKED trigger_coop_relay (.5 .5 .5) ? AUTO_FIRE X X X X X X X NOT_EASY NOT_NORMAL NOT_HARD NOT_DM NOT_COOP RESERVED1 COOP_ONLY RESERVED2;;trigger_relay that activates when all players in coop touches its area. Otherwise prints a message.;
trigger_counter_remaster;trigger_counter;/* QUAKED trigger_counter (.5 .5 .5) ? Nomessage X X X X X X X NOT_EASY NOT_NORMAL NOT_HARD NOT_DM NOT_COOP RESERVED1 COOP_ONLY RESERVED2;;Trigger that activates when two or more actions take place. (I.E. a door that opens with two buttons);
trigger_ctf_teleport_remaster;trigger_ctf_teleport;/*QUAKED trigger_ctf_teleport (0.5 0.5 0.5) ?;;Teleports any player who touches this.;
trigger_disguise_remaster;trigger_disguise;/* QUAKED trigger_disguise (.5 .5 .5) ? TOGGLE START_ON REMOVE X X X X X NOT_EASY NOT_NORMAL NOT_HARD NOT_DM NOT_COOP RESERVED1 COOP_ONLY RESERVED2;;Trigger that puts a disguise in any player that uses it. The disguise is destroyed upon weapon fire.;
trigger_elevator_remaster;trigger_elevator;/* QUAKED trigger_elevator (0.3 0.1 0.6) (-8 -8 -8) (8 8 8) X X X X X X X X NOT_EASY NOT_NORMAL NOT_HARD NOT_DM NOT_COOP RESERVED1 COOP_ONLY RESERVED2;;Elevator trigger. Used in elevators that span multiple levels such as the lava room one in ''Borehole'' (mine2). Must be used in tandem with func_button and func_train (and ofc path_corner).;
trigger_flashlight_remaster;trigger_flashlight;/* QUAKED trigger_flashlight (.5 .5 .5) ? CLIPPED X X X X X X X NOT_EASY NOT_NORMAL NOT_HARD NOT_DM NOT_COOP RESERVED1 COOP_ONLY RESERVED2;;Switches on/off the flashlight.;
trigger_fog_remaster;trigger_fog;/* QUAKED trigger_fog (.5 .5 .5) ? AFFECT_FOG AFFECT_HEIGHTFOG INSTANTANEOUS FORCE BLEND X X X NOT_EASY NOT_NORMAL NOT_HARD NOT_DM NOT_COOP RESERVED1 COOP_ONLY RESERVED2;;Changes fog setting dynamically.;
trigger_gravity_remaster;trigger_gravity;/* QUAKED trigger_gravity (.5 .5 .5) ? TOGGLE START_OFF CLIPPED X X X X X NOT_EASY NOT_NORMAL NOT_HARD NOT_DM NOT_COOP RESERVED1 COOP_ONLY RESERVED2;;Trigger that affects the gravity of anything inside of it.;
trigger_health_relay_remaster;trigger_health_relay;/* QUAKED trigger_health_relay (1.0 1.0 0.0) (-8 -8 -8) (8 8 8) X X X X X X X X NOT_EASY NOT_NORMAL NOT_HARD NOT_DM NOT_COOP RESERVED1 COOP_ONLY RESERVED2;;Special type of relay that fires when a linked object is reduced beyond a certain amount of health.;
trigger_hurt_remaster;trigger_hurt;/* QUAKED trigger_hurt (.5 .5 .5) ? START_OFF TOGGLE SILENT NO_PROTECTION SLOW NO_PLAYERS NO_MONSTERS CLIPPED NOT_EASY NOT_NORMAL NOT_HARD NOT_DM NOT_COOP RESERVED1 COOP_ONLY RESERVED2;;Trigger that damages anything inside of it.;
trigger_key_remaster;trigger_key;/* QUAKED trigger_key (.5 .5 .5) (-8 -8 -8) (8 8 8) X X X X X X X X NOT_EASY NOT_NORMAL NOT_HARD NOT_DM NOT_COOP RESERVED1 COOP_ONLY RESERVED2;;Trigger that requires a key_ item in order to be operated.;
trigger_monsterjump_remaster;trigger_monsterjump;/* QUAKED trigger_monsterjump (.5 .5 .5) ? TOGGLE START_OFF CLIPPED X X X X X NOT_EASY NOT_NORMAL NOT_HARD NOT_DM NOT_COOP RESERVED1 COOP_ONLY RESERVED2;;Entity that can only be triggered by a monster. Makes the monster jump over something.;
trigger_multiple_remaster;trigger_multiple;/* QUAKED trigger_multiple (.5 .5 .5) ? MONSTER NOT_PLAYER TRIGGERED TOGGLE LATCHED CLIPPED X X NOT_EASY NOT_NORMAL NOT_HARD NOT_DM NOT_COOP RESERVED1 COOP_ONLY RESERVED2;;Trigger that can be activated multiple times.;
trigger_once_remaster;trigger_once;/* QUAKED trigger_once (.5 .5 .5) ? X X TRIGGERED X X CLIPPED X X NOT_EASY NOT_NORMAL NOT_HARD NOT_DM NOT_COOP RESERVED1 COOP_ONLY RESERVED2;;Trigger that can be activated only once.;
trigger_push_remaster;trigger_push;/* QUAKED trigger_push (.5 .5 .5) ? PUSH_ONCE PUSH_PLUS PUSH_SILENT START_OFF CLIP X X X NOT_EASY NOT_NORMAL NOT_HARD NOT_DM NOT_COOP RESERVED1 COOP_ONLY RESERVED2;;Trigger that pushes the player in any direction. Used for wind tunnels.;
trigger_relay_remaster;trigger_relay;/* QUAKED trigger_relay (.5 .5 .5) (-8 -8 -8) (8 8 8) X X X X X X X X NOT_EASY NOT_NORMAL NOT_HARD NOT_DM NOT_COOP RESERVED1 COOP_ONLY RESERVED2;;Trigger that relays actions.;
trigger_teleport_remaster;trigger_teleport;/* QUAKED trigger_teleport (.5 .5 .5) ? player_only silent ctf_only start_on X X X X NOT_EASY NOT_NORMAL NOT_HARD NOT_DM NOT_COOP RESERVED1 COOP_ONLY RESERVED2;;Trigger that teleports any player that touches it.;
turret_base_remaster;turret_base;/* QUAKED turret_base (0 0 0) ? X X X X X X X X NOT_EASY NOT_NORMAL NOT_HARD NOT_DM NOT_COOP RESERVED1 COOP_ONLY RESERVED2;;Turret base.;
turret_breach_remaster;turret_breach;/* QUAKED turret_breach (0 0 0) ? X X X X X X X X NOT_EASY NOT_NORMAL NOT_HARD NOT_DM NOT_COOP RESERVED1 COOP_ONLY RESERVED2;;Turret cannon.;
turret_driver_remaster;turret_driver;/* QUAKED turret_driver (1 .5 0) (-16 -16 -24) (16 16 32) X X X X X X X X NOT_EASY NOT_NORMAL NOT_HARD NOT_DM NOT_COOP RESERVED1 COOP_ONLY RESERVED2;models/monsters/infantry/tris.md2;Turret driver. Usually an Enforcer (monster_infantry).;
turret_invisible_brain_remaster;turret_invisible_brain;/*QUAKED turret_invisible_brain (1 .5 0) (-16 -16 -16) (16 16 16) X X X X X X X X NOT_EASY NOT_NORMAL NOT_HARD NOT_DM NOT_COOP RESERVED1 COOP_ONLY RESERVED2;;Invisible brain that drives the turret.;
weapon_bfg_remaster;weapon_bfg;/* QUAKED weapon_bfg (.3 .3 1) (-16 -16 -16) (16 16 16)  TRIGGER_SPAWN DISABLE TOSS_ON_SPAWN X X X X X NOT_EASY NOT_NORMAL NOT_HARD NOT_DM NOT_COOP RESERVED1 COOP_ONLY RESERVED2;models/weapons/g_bfg/tris.md2;BFG10K.;
weapon_boomer_remaster;weapon_boomer;/* QUAKED weapon_boomer (.3 .3 1) (-16 -16 -16) (16 16 16)  TRIGGER_SPAWN DISABLE TOSS_ON_SPAWN X X X X X NOT_EASY NOT_NORMAL NOT_HARD NOT_DM NOT_COOP RESERVED1 COOP_ONLY RESERVED2;models/weapons/g_boom/tris.md2;Ion Ripper. Any similarities from the rival franchises namesake weapon family is coincidence. Consumes Cells.;
weapon_chainfist_remaster;weapon_chainfist;/* QUAKED weapon_chainfist (.3 .3 1) (-16 -16 -16) (16 16 16)  TRIGGER_SPAWN DISABLE TOSS_ON_SPAWN X X X X X NOT_EASY NOT_NORMAL NOT_HARD NOT_DM NOT_COOP RESERVED1 COOP_ONLY RESERVED2;models/weapons/g_chainf/tris.md2;Chainfist. Close-range chainsaw fist.;
weapon_chaingun_remaster;weapon_chaingun;/* QUAKED weapon_chaingun (.3 .3 1) (-16 -16 -16) (16 16 16)  TRIGGER_SPAWN DISABLE TOSS_ON_SPAWN X X X X X NOT_EASY NOT_NORMAL NOT_HARD NOT_DM NOT_COOP RESERVED1 COOP_ONLY RESERVED2;models/weapons/g_chain/tris.md2;Chaingun.;
weapon_disintegrator_remaster;weapon_disintegrator;/* QUAKED weapon_disintegrator (.3 .3 1) (-16 -16 -16) (16 16 16)  TRIGGER_SPAWN DISABLE TOSS_ON_SPAWN X X X X X NOT_EASY NOT_NORMAL NOT_HARD NOT_DM NOT_COOP RESERVED1 COOP_ONLY RESERVED2;models/weapons/g_dist/tris.md2;Disintegrator. Cut weapon that disintegrates an enemy.;
weapon_etf_rifle_remaster;weapon_etf_rifle;/* QUAKED weapon_etf_rifle (.3 .3 1) (-16 -16 -16) (16 16 16)  TRIGGER_SPAWN DISABLE TOSS_ON_SPAWN X X X X X NOT_EASY NOT_NORMAL NOT_HARD NOT_DM NOT_COOP RESERVED1 COOP_ONLY RESERVED2;models/weapons/g_etf_rifle/tris.md2;ETF Rifle. Shoots flechettes that ignore armor.;
weapon_grenadelauncher_remaster;weapon_grenadelauncher;/* QUAKED weapon_grenadelauncher (.3 .3 1) (-16 -16 -16) (16 16 16)  TRIGGER_SPAWN DISABLE TOSS_ON_SPAWN X X X X X NOT_EASY NOT_NORMAL NOT_HARD NOT_DM NOT_COOP RESERVED1 COOP_ONLY RESERVED2;models/weapons/g_launch/tris.md2;Grenade Launcher.;
weapon_hyperblaster_remaster;weapon_hyperblaster;/* QUAKED weapon_hyperblaster (.3 .3 1) (-16 -16 -16) (16 16 16)  TRIGGER_SPAWN DISABLE TOSS_ON_SPAWN X X X X X NOT_EASY NOT_NORMAL NOT_HARD NOT_DM NOT_COOP RESERVED1 COOP_ONLY RESERVED2;models/weapons/g_hyperb/tris.md2;Hyperblaster.;
weapon_machinegun_remaster;weapon_machinegun;/* QUAKED weapon_machinegun (.3 .3 1) (-16 -16 -16) (16 16 16)  TRIGGER_SPAWN DISABLE TOSS_ON_SPAWN X X X X X NOT_EASY NOT_NORMAL NOT_HARD NOT_DM NOT_COOP RESERVED1 COOP_ONLY RESERVED2;models/weapons/g_machn/tris.md2;Machinegun.;
weapon_phalanx_remaster;weapon_phalanx;/* QUAKED weapon_phalanx (.3 .3 1) (-16 -16 -16) (16 16 16)  TRIGGER_SPAWN DISABLE TOSS_ON_SPAWN X X X X X NOT_EASY NOT_NORMAL NOT_HARD NOT_DM NOT_COOP RESERVED1 COOP_ONLY RESERVED2;models/weapons/g_shotx/tris.md2;Phalanx Particle Cannon. Double rail projectile launcher. Consumes Mag Slugs.;
weapon_plasmabeam_remaster;weapon_plasmabeam;/* QUAKED weapon_plasmabeam (.3 .3 1) (-16 -16 -16) (16 16 16)  TRIGGER_SPAWN DISABLE TOSS_ON_SPAWN X X X X X NOT_EASY NOT_NORMAL NOT_HARD NOT_DM NOT_COOP RESERVED1 COOP_ONLY RESERVED2;models/weapons/g_beamer/tris.md2;Plasma Beam. Shoots a plasma stream that cooks anything it touches.;
weapon_proxlauncher_remaster;weapon_proxlauncher;/* QUAKED weapon_proxlauncher (.3 .3 1) (-16 -16 -16) (16 16 16)  TRIGGER_SPAWN DISABLE TOSS_ON_SPAWN X X X X X NOT_EASY NOT_NORMAL NOT_HARD NOT_DM NOT_COOP RESERVED1 COOP_ONLY RESERVED2;models/weapons/g_plaunch/tris.md2;Prox Launcher. Shoots mines that explode upon proximity.;
weapon_railgun_remaster;weapon_railgun;/* QUAKED weapon_railgun (.3 .3 1) (-16 -16 -16) (16 16 16)  TRIGGER_SPAWN DISABLE TOSS_ON_SPAWN X X X X X NOT_EASY NOT_NORMAL NOT_HARD NOT_DM NOT_COOP RESERVED1 COOP_ONLY RESERVED2;models/weapons/g_rail/tris.md2;Railgun.;
weapon_rocketlauncher_remaster;weapon_rocketlauncher;/* QUAKED weapon_rocketlauncher (.3 .3 1) (-16 -16 -16) (16 16 16)  TRIGGER_SPAWN DISABLE TOSS_ON_SPAWN X X X X X NOT_EASY NOT_NORMAL NOT_HARD NOT_DM NOT_COOP RESERVED1 COOP_ONLY RESERVED2;models/weapons/g_rocket/tris.md2;Rocket Launcher.;
weapon_shotgun_remaster;weapon_shotgun;/* QUAKED weapon_shotgun (.3 .3 1) (-16 -16 -16) (16 16 16)  TRIGGER_SPAWN DISABLE TOSS_ON_SPAWN X X X X X NOT_EASY NOT_NORMAL NOT_HARD NOT_DM NOT_COOP RESERVED1 COOP_ONLY RESERVED2;models/weapons/g_shotg/tris.md2;Shotgun.;
weapon_supershotgun_remaster;weapon_supershotgun;/* QUAKED weapon_supershotgun (.3 .3 1) (-16 -16 -16) (16 16 16)  TRIGGER_SPAWN DISABLE TOSS_ON_SPAWN X X X X X NOT_EASY NOT_NORMAL NOT_HARD NOT_DM NOT_COOP RESERVED1 COOP_ONLY RESERVED2;models/weapons/g_shotg2/tris.md2;Super Shotgun.;
worldspawn_remaster;worldspawn;/* QUAKED worldspawn (0 0 0) ?;;Main world entity. All maps have one.;
